TrainerID;ClubID;Since
2;66;1991-07-01
4;985;1986-11-06
9;195;1988-01-01
13;409;1991-07-11
16;33;1993-10-11
20;97;1989-07-01
34;44;1990-11-13
38;79;1990-11-22
44;141;1984-07-19
55;35;1992-09-23
59;113;1993-07-01
62;141;1992-08-14
65;60;1991-07-01
70;116;1992-07-01
72;95;1991-06-03
73;80;1993-07-01
75;4;1988-07-01
76;99;1992-07-01
81;44;1986-01-01
83;3057;1991-07-01
88;129;1993-07-01
90;621;1992-07-01
91;14;1993-07-01
92;16;1991-07-01
94;141;1993-07-01
97;30;1993-01-04
102;260;1991-10-01
115;105;1993-07-01
124;2444;1993-07-01
126;71;1993-07-01
128;170;1989-07-01
129;18;1991-11-06
140;52;1993-03-23
144;72;1992-07-01
149;95;1990-07-01
166;41;1992-09-23
173;1;1991-07-01
179;3;1993-04-29
181;36;1993-07-01
184;89;1992-07-01
185;10;1992-07-01
201;86;1981-04-01
203;41;1987-11-11
206;38;1992-08-17
207;79;1993-12-15
213;290;1961-07-01
232;41;1990-01-05
239;44;1992-08-21
243;10848;1993-07-01
246;15;1993-05-04
252;92;1989-10-03
258;1041;1993-07-01
261;24;1993-07-01
262;506;1991-07-01
269;167;1990-07-01
271;42;1992-07-01
277;156;1993-07-01
279;24;1983-10-30
280;162;1987-07-01
296;2;1992-07-01
300;192;1993-03-01
302;113;1993-10-02
303;44;1993-10-21
316;2149;1990-03-15
321;10;1988-04-19
327;116;1989-01-01
370;38;1992-01-24
425;187;1993-12-03
431;459;1990-07-01
435;91;1991-07-01
448;989;1983-09-30
449;31;1991-04-16
453;762;1992-01-01
454;281;1990-11-15
456;430;1993-07-01
459;631;1993-07-01
460;583;1985-07-01
461;336;1992-07-01
498;306;1992-10-18
506;1049;1991-03-15
509;8689;1985-07-01
518;5;1991-07-01
521;800;1993-11-01
525;6195;1993-07-01
530;800;1993-07-01
532;504;1993-07-01
537;938;1978-07-01
544;667;1991-07-01
552;336;1993-12-07
553;131;1991-04-12
556;443;1991-07-01
580;932;1992-01-01
592;687;1993-08-02
602;1078;1982-07-14
606;3008;1989-11-08
610;873;1981-02-01
611;873;1981-11-10
617;989;1992-06-09
618;1010;1990-03-01
619;931;1986-07-01
624;368;1993-07-01
628;1025;1993-07-01
631;1184;1979-07-01
636;413;1993-03-11
650;289;1993-02-05
671;447;1990-07-01
672;41;1992-03-12
675;42;1989-09-13
676;873;1984-08-03
678;1011;1992-01-01
689;48;1986-07-01
693;130;1989-07-01
706;2282;1991-07-01
712;204;1991-03-11
719;1073;1992-07-01
729;429;1990-07-01
742;328;1992-07-01
751;101;1981-04-08
810;20;1991-11-08
824;40;1990-09-01
829;33;1992-07-01
843;86;1971-09-28
844;57;1971-04-16
845;86;1980-02-21
846;86;1969-07-01
847;2441;1981-07-01
848;4;1979-08-19
849;20;1993-07-01
850;299;1977-11-01
851;86;1977-12-20
852;86;1978-07-01
853;383;1993-07-01
854;101;1993-10-19
860;44;1981-12-09
862;2444;1987-07-01
863;52;1981-11-30
864;41;1968-07-01
865;41;1967-07-01
866;41;1970-07-01
867;41;1966-04-18
868;41;1963-07-01
869;24;1982-09-19
872;2;1993-07-01
873;24;1993-03-31
875;107;1992-07-01
876;15;1982-07-01
878;33;1978-07-01
879;24;1978-07-01
880;1091;1980-04-29
881;107;1968-07-01
882;27;1992-03-12
883;65;1981-07-01
884;667;1976-07-01
885;413;1991-07-01
886;25;1990-11-14
889;33;1987-12-29
890;669;1987-07-01
891;42;1993-11-09
892;33;1993-01-18
893;85;1993-07-01
894;15;1991-07-01
895;27;1991-10-09
896;27;1993-12-28
897;2441;1982-01-27
898;42;1989-07-01
899;30;1965-07-01
900;30;1993-07-01
901;30;1975-03-10
902;30;1985-07-01
903;89;1982-07-19
904;30;1992-03-07
905;30;1969-07-01
907;89;1990-07-01
908;21;1985-07-01
912;48;1981-11-27
914;33;1979-12-05
915;4;1991-07-01
916;66;1990-01-01
917;66;1993-05-11
918;23;1992-10-14
919;66;1993-07-01
921;72;1990-02-21
922;82;1993-02-16
923;44;1965-03-09
924;44;1979-12-27
925;44;1985-11-11
926;3057;1989-07-01
927;23;1991-03-29
928;44;1991-05-28
929;459;1992-12-10
930;44;1983-12-11
931;44;1984-07-01
934;99;1990-09-30
935;459;1989-07-01
936;101;1992-07-01
937;52;1986-07-01
938;299;1992-07-01
939;504;1982-07-01
940;18;1987-07-01
944;71;1987-07-01
945;459;1992-08-24
947;91;1991-04-25
948;52;1985-07-01
949;52;1986-03-30
950;52;1985-09-16
951;52;1983-03-31
952;41;1977-10-28
953;79;1972-07-01
954;91;1981-01-13
955;4;1984-01-01
957;52;1965-02-23
958;52;1980-02-11
959;26;1993-07-01
963;61;1982-05-01
964;2;1965-02-24
966;3;1993-02-28
967;3;1983-08-24
968;2;1983-03-22
969;429;1986-07-01
970;4;1983-10-26
971;1;1993-07-01
973;80;1979-07-01
974;57;1973-07-01
975;16;1968-04-18
976;16;1968-12-17
977;56;1983-01-18
978;8;1970-07-01
979;48;1985-01-01
980;16;1983-10-31
981;8;1974-11-04
982;95;1990-11-26
984;72;1988-07-01
985;72;1987-04-19
986;72;1984-11-01
987;72;1984-12-01
989;72;1983-09-21
990;72;1984-10-01
992;72;1979-09-21
993;65;1981-03-01
994;72;1969-11-13
995;42;1970-01-02
996;260;1980-02-29
997;8;1971-07-01
998;358;1991-07-24
1017;60;1984-07-01
1019;4603;1990-12-06
1025;60;1978-09-30
1027;60;1972-07-01
1029;60;1989-08-27
1031;60;1981-07-01
1033;60;1989-12-01
1034;105;1988-07-01
1035;8;1990-07-01
1036;60;1986-03-23
1043;21598;1985-07-01
1051;667;1981-12-01
1058;62;1990-01-01
1067;232;1937-01-01
1079;39;1992-07-01
1082;33;1967-07-01
1100;1038;1992-07-01
1116;4;1993-11-10
1121;8;1991-03-20
1154;2441;1988-07-01
1183;708;1993-03-02
1186;130;1987-07-01
1196;1;1991-04-22
1199;113;1984-10-04
1222;197;1991-07-01
1230;244;1992-07-01
1232;260;1980-07-01
1237;1041;1985-07-01
1241;583;1987-10-25
1262;801;1988-01-01
1295;276;1993-07-01
1320;527;1984-07-01
1332;2784;1989-07-01
1337;786;1990-07-01
1343;15;1988-07-01
1355;80;1987-07-01
1381;85;1993-09-06
1406;48;1968-07-01
1407;79;1969-07-01
1418;107;1989-03-06
1426;317;1986-07-01
1439;157;1989-03-31
1445;2961;1988-01-01
1448;101;1924-07-01
1464;625;1992-01-01
1491;602;1992-10-01
1503;321;1993-07-01
1512;339;1987-01-01
1516;57;1986-08-18
1517;91;1975-07-01
1518;92;1986-12-31
1520;16;1974-02-15
1521;16;1972-11-01
1525;641;1991-07-10
1527;1110;1993-07-15
1552;237;1989-01-02
1554;418;1992-07-01
1580;42;1971-11-18
1647;618;1992-07-01
1649;399;1988-10-12
1662;187;1992-03-24
1669;92;1980-01-01
1687;232;1939-04-01
1703;603;1986-05-21
1708;1020;1991-07-01
1722;352;1993-07-01
1727;1041;1988-07-01
1733;1082;1993-07-01
1742;2288;1989-03-20
1752;449;1992-07-01
1775;625;1990-07-01
1790;663;1949-05-17
1801;267;1981-01-01
1806;40;1992-07-01
1810;416;1990-07-01
1813;1118;1989-01-01
1815;234;1989-07-01
1825;681;1991-07-01
1827;232;1989-01-01
1828;124;1991-04-16
1842;94;1992-04-01
1847;417;1992-11-01
1880;61;1990-03-19
1899;148;1987-11-28
1910;1091;1991-09-01
1932;12;1993-07-01
1936;683;1987-12-12
1937;130;1987-07-01
1938;14;1962-07-01
1939;57;1960-07-01
1941;991;1992-01-19
1990;148;1992-05-27
2005;94;1991-07-01
2027;398;1985-07-01
2029;610;1991-09-28
2037;353;1989-01-01
2049;398;1990-07-01
2072;1011;1988-01-01
2078;683;1993-02-01
2084;129;1992-07-01
2107;301;1992-08-16
2119;676;1993-09-13
2120;504;1992-08-27
2123;800;1980-07-01
2139;1025;1991-11-17
2147;1003;1987-12-25
2196;540;1990-01-01
2200;192;1991-07-01
2232;35;1991-02-20
2233;395;1992-04-14
2281;3;1972-07-01
2292;26;1987-07-01
2311;26;1985-07-01
2324;260;1989-07-01
2332;449;1993-09-23
2336;706;1991-02-25
2341;10493;1988-01-01
2365;58;1993-01-09
2379;94;1988-07-01
2389;1184;1989-09-03
2403;826;1992-12-02
2412;826;1989-07-01
2434;14;1990-03-28
2436;265;1992-06-30
2441;676;1989-08-25
2443;122;1991-11-01
2461;1075;1990-11-01
2468;429;1988-07-01
2476;22431;1993-10-21
2498;422;1993-07-01
2504;410;1987-10-12
2508;88;1987-01-01
2542;61;1993-03-22
2543;272;1991-01-01
2545;1091;1993-02-02
2551;583;1990-07-01
2588;417;1989-07-01
2592;377;1992-01-01
2603;1032;1993-07-01
2630;368;1991-07-01
2635;355;1992-05-29
2636;11;1986-05-14
2637;11;1986-03-25
2661;621;1990-07-01
2691;8685;1989-07-01
2693;1189;1986-07-01
2695;216;1991-07-01
2696;365;1993-07-01
2697;36;1991-07-01
2704;1020;1989-01-17
2708;114;1970-01-01
2709;496;1990-01-01
2728;5;1987-07-01
2755;786;1992-07-01
2764;1043;1992-01-01
2790;39;1989-02-14
2816;1027;1990-03-20
2824;362;1993-07-01
2853;1010;1993-07-01
2866;5225;1983-01-01
2878;1236;1989-01-01
2881;496;1992-07-01
2923;13;1987-07-01
2931;170;1993-07-01
2961;9465;1992-01-01
3003;14;1988-11-17
3005;413;1993-07-01
3006;170;1992-07-01
3007;14;1992-07-01
3011;409;1988-04-18
3016;395;1993-07-01
3033;583;1991-07-01
3048;122;1993-07-01
3065;232;1936-08-01
3078;2055;1985-07-01
3079;289;1993-11-26
3080;289;1991-12-30
3082;289;1987-07-01
3119;272;1987-01-01
3120;2844;1958-01-01
3121;1044;1979-01-01
3123;76;1990-08-12
3125;1236;1978-01-01
3129;281;1993-08-28
3130;358;1991-07-24
3132;1237;1993-12-15
3133;1237;1987-01-05
3158;1025;1993-11-29
3228;99;1983-11-01
3252;1082;1993-03-01
3310;1082;1992-07-01
3319;8689;1991-07-01
3325;452;1988-07-01
3338;57;1974-07-01
3383;395;1984-04-27
3390;157;1993-07-01
3404;422;1992-07-01
3449;1180;1988-05-04
3665;903;1986-11-15
3694;631;1991-07-01
3702;301;1992-03-08
3722;4603;1989-07-01
3742;192;1984-12-03
3768;602;1983-05-02
3780;3793;1992-07-01
3787;317;1992-07-01
3843;1090;1987-01-01
3904;21598;1989-07-01
3979;1421;1988-07-01
4001;826;1989-10-15
4006;995;1991-02-02
4070;14;1986-07-01
4082;301;1993-07-01
4088;669;1988-09-13
4111;282;1993-07-01
4120;318;1990-07-01
4136;543;1986-10-07
4146;22;1993-10-10
4149;641;1990-03-09
4153;1231;1986-01-01
4160;969;1989-07-01
4175;6065;1993-01-01
4197;1;1987-05-11
4282;410;1992-07-01
4335;527;1974-05-23
4385;1236;1993-01-01
4405;1044;1993-01-01
4424;206;1981-01-01
4481;669;1992-07-01
4628;430;1990-07-01
4676;25;1992-04-24
4715;234;1992-07-01
4786;4040;1992-07-01
4795;952;1993-07-01
4819;282;1988-01-01
4939;759;1992-10-06
5051;150;1993-07-01
5107;383;1992-07-01
5164;338;1993-01-01
5192;2410;1980-01-01
5221;175;1985-01-01
5227;448;1990-07-01
5232;119;1991-07-01
5239;931;1991-01-27
5240;339;1978-06-12
5253;187;1993-11-22
5261;4772;1993-04-01
5269;4040;1991-07-01
5315;69;1990-07-01
5328;10;1991-07-01
5342;12;1989-02-19
5383;511;1983-07-01
5409;312;1991-07-01
5416;398;1988-07-01
5428;208;1993-07-01
5429;312;1990-07-01
5432;1390;1984-10-15
5433;1421;1990-07-01
5449;43;1993-05-01
5480;255;1990-04-15
5493;148;1993-06-19
5501;61;1991-07-01
5527;255;1992-09-01
5539;1008;1985-01-01
5548;801;1990-01-01
5563;338;1984-01-01
5572;5;1984-03-26
5594;173;1992-01-01
5618;208;1985-07-01
5727;21951;1937-07-01
5762;13;1986-07-01
5777;4040;1986-07-01
5781;130;1979-03-26
5786;410;1993-07-01
5794;10;1987-09-15
5809;969;1992-07-01
6017;660;1990-01-01
6050;4668;1990-05-25
6071;1007;1988-07-01
6074;2503;1991-07-01
6079;22431;1992-04-23
6115;1039;1991-06-01
6116;990;1992-01-07
6117;29;1990-11-10
6119;631;1993-02-16
6130;237;1984-07-01
6163;3;1980-04-16
6206;1;1993-11-04
6276;413;1990-07-01
6288;339;1992-03-19
6306;631;1985-07-01
6315;2288;1990-07-01
6349;399;1988-01-01
6367;1186;1991-09-01
6413;57;1992-07-01
6435;1010;1990-11-27
6462;1084;1992-01-06
6495;232;1945-07-01
6497;232;1949-01-01
6566;1075;1985-07-01
6571;512;1993-11-10
6593;2444;1992-07-01
6594;14;1989-01-01
6595;395;1992-08-12
6597;2444;1966-01-01
6598;14;1987-07-01
6715;167;1990-01-22
6754;58;1966-07-01
6782;1096;1989-07-01
6792;99;1982-07-01
6816;709;1991-01-01
6945;447;1993-07-01
6958;69;1981-07-01
7121;22431;1990-07-01
7129;318;1987-07-01
7155;368;1987-07-01
7236;618;1990-07-01
7277;403;1991-07-01
7281;7609;1967-07-01
7288;1181;1990-06-11
7300;349;1989-12-01
7302;232;1951-06-05
7394;2444;1985-04-24
7416;62;1992-10-08
7418;418;1991-03-21
7427;80;1981-07-01
7448;299;1986-07-01
7583;377;1986-07-01
7585;405;1991-07-01
7590;1073;1988-07-01
7647;1186;1945-09-01
7664;1071;1986-06-01
7701;413;1990-09-12
7721;1231;1991-01-01
7875;141;1990-08-25
8163;370;1988-07-31
8253;350;1986-03-27
8368;190;1992-07-01
8374;362;1985-07-01
8377;299;1993-04-04
8498;452;1990-07-01
8526;1053;1990-07-01
8604;1082;1984-07-01
8675;1522;1988-07-01
8712;3;1968-07-01
8726;27;1958-07-01
8760;299;1982-04-16
8772;12;1992-07-01
8856;4668;1992-07-01
8860;79;1976-04-01
8863;984;1988-11-02
8879;1;1965-07-01
8881;370;1992-02-01
9036;39;1980-01-01
9108;4;1966-11-08
9141;449;1988-07-01
9151;634;1992-07-01
9182;173;1975-07-01
9209;395;1988-09-26
9231;58;1982-09-26
9268;683;1986-10-10
9282;762;1984-08-14
9294;2410;1989-01-01
9298;676;1992-04-06
9300;1236;1986-01-01
9313;15;1960-07-01
9344;175;1991-01-01
9371;403;1983-07-01
9413;5849;1990-01-01
9455;114;1987-07-01
9491;206;1992-05-15
9510;434;1992-07-01
9564;65;1982-07-01
9599;720;1993-07-01
9604;260;1983-07-01
9607;368;1992-07-01
9609;42;1986-07-01
9616;459;1986-08-23
9621;1003;1991-05-30
9721;33;1993-04-01
9732;3;1970-07-01
9746;65;1987-03-01
9791;21;1981-01-01
9810;4;1981-06-01
9829;4;1981-03-04
9830;4;1960-07-01
9834;113;1991-07-01
9835;1184;1988-11-03
9838;459;1971-07-01
9839;667;1971-01-31
9845;57;1981-01-10
9846;8;1983-04-10
9847;42;1982-12-10
9855;44;1990-07-01
9862;57;1979-07-01
9864;8;1981-08-27
9866;92;1989-09-02
9869;48;1965-10-19
9873;35;1972-07-01
9874;8;1976-01-27
9877;15;1981-11-23
9878;101;1981-01-10
9894;48;1966-11-02
9902;91;1969-01-01
9925;42;1988-09-19
9927;48;1983-02-01
9934;170;1975-09-01
9935;4;1981-05-27
10001;92;1974-01-21
10009;2410;1937-01-01
10029;299;1983-07-01
10035;42;1986-03-18
10100;5608;1965-07-01
10114;192;1974-03-01
10115;5608;1965-11-11
10182;38;1987-04-03
10190;8;1973-07-01
10193;328;1966-07-01
10347;395;1987-07-01
10356;57;1983-07-01
10438;1075;1985-07-01
10484;449;1987-11-01
10523;678;1990-07-01
10529;65;1986-07-01
10533;370;1988-08-01
10536;105;1992-09-22
10552;2573;1988-01-01
10569;156;1992-07-01
10591;2503;1990-07-01
10596;43;1986-11-01
10599;43;1979-01-01
10600;903;1980-01-01
10603;43;1951-02-14
10607;428;1986-10-15
10609;2503;1987-01-06
10622;709;1990-07-01
10625;5594;1986-12-01
10643;368;1979-07-01
10656;1091;1977-04-25
10662;92;1993-07-01
10665;69;1984-07-01
10683;1096;1973-07-01
10684;150;1988-12-13
10759;428;1993-07-01
10996;39;1983-03-20
11054;459;1982-11-01
11063;91;1980-07-01
11068;56;1978-01-26
11153;21532;1989-07-01
11169;10603;1993-07-01
11186;1522;1983-07-01
11229;10;1978-07-01
11550;625;1993-11-08
11585;294;1992-10-26
11594;82;1983-10-22
11745;282;1986-01-01
11847;312;1993-05-08
11854;107;1990-04-03
11860;10;1991-07-01
11862;7976;1991-07-01
11879;369;1992-07-01
11880;459;1974-07-01
11886;42;1961-12-31
11901;379;1961-04-01
11908;72;1966-12-17
11960;21;1993-07-01
11974;232;1977-01-01
11978;92;1990-09-24
12054;1049;1982-11-02
12058;660;1979-01-01
12094;418;1985-04-16
12105;321;1990-07-01
12113;71;1992-07-01
12114;105;1991-11-06
12120;995;1976-07-01
12131;187;1991-07-01
12172;91;1970-12-11
12180;1044;1990-01-01
12214;69;1977-07-01
12227;82;1963-07-01
12253;3;1976-01-01
12256;167;1975-07-01
12259;101;1978-01-01
12277;39;1988-07-01
12280;48;1968-02-19
12286;8;1969-12-17
12295;2149;1984-07-01
12297;56;1961-07-01
12320;164;1991-09-30
12321;399;1978-07-31
12326;1084;1987-07-01
12348;8;1989-04-12
12356;5378;1993-07-01
12395;101;1984-07-01
12431;91;1989-07-01
12438;1;1986-07-01
12454;6055;1992-07-15
12545;114;1960-07-01
12721;405;1987-07-01
12725;91;1990-03-08
12727;2149;1989-07-01
12735;676;1986-08-29
12753;105;1990-07-01
12794;676;1991-04-18
12980;71;1963-07-01
12987;35;1974-07-01
12990;2784;1990-07-01
12991;101;1963-07-01
12999;82;1976-12-02
13024;294;1980-01-01
13040;4603;1993-07-01
13063;3426;1993-07-01
13114;10690;1988-01-01
13123;395;1993-04-05
13128;370;1975-01-01
13155;113;1958-08-17
13184;156;1980-07-01
13195;683;1983-02-06
13285;932;1948-07-01
13293;969;1990-02-12
13305;413;1988-07-01
13333;430;1984-12-03
13361;244;1990-07-01
13532;321;1989-07-01
13569;150;1992-07-01
13578;2410;1975-01-01
13581;1180;1947-09-04
13584;2410;1974-01-01
13700;610;1910-07-01
13876;449;1990-07-16
13877;610;1988-07-01
13878;116;1991-09-02
14006;289;1985-06-08
14051;2444;1984-07-01
14055;204;1989-07-01
14058;317;1982-11-04
14062;1090;1977-11-27
14162;26;1989-11-16
14273;468;1955-07-01
14324;276;1990-07-01
14336;256;1991-11-03
14372;826;1990-07-01
14398;2441;1974-07-01
14401;610;1973-07-01
14404;383;1972-07-01
14410;162;1986-07-01
14411;383;1986-07-01
14520;200;1968-07-01
14530;403;1991-10-01
14612;940;1991-01-15
14756;79;1975-07-01
14760;14958;1993-10-01
14786;260;1935-07-01
14936;2149;1992-04-09
14938;2149;1991-05-09
15084;12346;1989-01-01
15335;337;1993-12-10
15375;244;1981-04-14
15743;46;1942-07-01
15927;448;1985-01-01
15970;42;1990-07-01
16061;84;1988-04-10
16204;985;1970-12-29
16209;985;1969-08-11
16365;8671;1980-07-01
16374;350;1988-01-21
16378;265;1990-09-13
16384;4040;1962-07-01
16434;369;1988-01-01
16435;683;1989-06-01
16465;3057;1963-07-01
16582;61;1991-10-01
16598;703;1993-05-12
16599;2503;1984-07-01
16870;2441;1987-05-08
16871;683;1993-11-06
16984;459;1982-06-30
16985;459;1981-02-28
16991;4603;1974-11-05
16993;2441;1955-01-01
16994;265;1981-06-16
16995;683;1976-07-01
17059;244;1980-07-01
17060;13;1959-10-19
17178;1257;1991-07-01
17179;3057;1968-07-01
17182;365;1987-11-30
17221;13;1990-03-05
17237;6055;1990-12-13
17240;1049;1983-07-01
17255;683;1975-07-01
17283;328;1990-07-01
17286;676;1993-05-09
17351;336;1979-11-25
17406;1180;1991-04-27
17410;56;1976-09-27
17419;299;1993-12-31
17436;1071;1993-01-01
17477;931;1984-07-01
17481;990;1967-07-01
17496;2817;1992-01-01
17594;683;1985-07-01
17596;279;1980-07-01
17612;897;1992-04-13
17742;31;1959-12-14
17744;31;1974-07-26
17922;969;1987-07-01
17923;417;1982-07-01
17945;129;1969-07-01
17946;99;1985-07-01
17947;129;1953-07-01
17948;129;1968-03-17
17951;129;1978-06-04
18013;676;1990-07-01
18015;14;1975-01-01
18016;1096;1993-07-01
18024;3899;1992-01-01
18026;1402;1992-07-01
18027;1064;1990-07-01
18113;208;1991-01-01
18119;21955;1989-07-01
18124;621;1992-02-25
18125;621;1991-03-18
18142;173;1988-07-01
18161;588;1990-07-01
18169;197;1990-07-01
18170;418;1990-11-24
18171;353;1990-01-01
18173;708;1990-07-01
18182;238;1991-05-06
18216;79;1974-12-02
18219;159;1991-01-01
18220;504;1991-07-01
18266;238;1993-04-06
18267;197;1993-07-01
18269;1225;1993-07-08
18270;1008;1992-01-01
18273;3471;1992-07-01
18275;338;1990-09-01
18295;720;1991-07-01
18374;1184;1993-10-12
18477;127;1993-07-01
18501;1027;1991-07-01
18524;239;1988-01-01
18526;168;1990-10-25
18601;1075;1992-03-24
18624;328;1977-07-01
18626;2410;1992-07-19
18712;1084;1988-07-01
18755;21951;1967-07-01
18756;321;1992-07-01
18946;239;1992-06-15
18951;511;1991-08-01
18954;602;1992-01-01
18957;2227;1992-01-01
18960;7609;1993-10-01
19007;65;1930-08-31
19008;468;1915-01-01
19065;1011;1981-01-01
19103;964;1989-05-19
19104;964;1988-01-01
19161;8780;1989-01-01
19185;276;1992-03-29
19252;990;1992-07-01
19270;306;1990-07-01
19361;4959;1992-07-01
19396;663;1976-01-01
19424;105;1990-04-08
19436;4603;1993-11-08
19449;1402;1990-07-01
19450;265;1959-07-01
19451;2441;1965-07-01
19468;107;1989-12-01
19495;2441;1978-07-01
19524;5;1977-02-07
19532;409;1980-07-01
19548;703;1975-01-03
19549;22;1982-11-08
19576;187;1976-07-01
19587;157;1993-03-01
19589;167;1979-01-01
19591;105;1970-10-16
19593;2444;1979-07-01
19650;23;1993-07-01
19681;8;1991-03-04
19683;2410;1963-01-01
19736;1025;1991-07-01
19745;10848;1990-03-23
19752;94;1985-10-13
19759;222;1990-09-15
19762;222;1989-07-01
19764;222;1990-01-01
19766;187;1990-07-01
19767;187;1992-11-01
19771;89;1992-06-04
19773;706;1989-07-01
19785;10848;1979-07-01
19786;10848;1976-07-01
19793;94;1986-01-01
19796;101;1991-07-01
19800;89;1966-01-20
19815;413;1990-10-21
19914;25;1991-04-18
19923;99;1990-07-01
19961;371;1993-10-07
19976;60;1986-01-25
19980;4;1979-01-01
19989;85;1970-05-01
20021;94;1989-11-28
20023;94;1985-07-01
20071;101;1980-04-16
20126;35;1979-10-16
20185;1390;1967-07-01
20189;170;1955-01-01
20196;405;1982-02-10
20214;1;1981-03-01
20239;167;1975-12-11
20307;85;1973-10-01
20311;328;1973-07-01
20342;39;1955-01-01
20479;167;1978-06-30
20699;89;1983-10-01
20700;89;1969-07-01
20701;89;1972-01-01
20703;89;1970-01-01
20705;89;1984-07-01
20706;706;1987-01-01
20756;222;1993-09-28
20757;21;1976-07-01
20760;94;1971-07-23
20811;1390;1993-07-01
20880;1017;1993-07-01
20977;677;1955-08-01
20999;897;1991-07-01
21000;681;1991-01-15
21016;65;1989-07-01
21060;447;1990-07-01
21066;57;1975-04-25
21149;39;1984-07-01
21224;31;1983-07-01
21258;170;1968-10-01
21260;14;1945-04-01
21261;720;1974-01-01
21265;676;1968-05-01
21290;48;1978-04-16
21307;399;1974-10-04
21318;82;1975-01-17
21332;709;1989-07-01
21334;6055;1993-02-11
21356;124;1978-07-01
21372;91;1986-07-01
21401;903;1980-07-01
21416;5790;1987-01-01
21434;676;1988-07-01
21461;46;1991-06-18
21580;167;1989-02-25
21584;255;1987-12-01
21647;610;1953-07-01
21648;1096;1961-07-01
21649;157;1942-07-01
21659;14;1912-01-01
21712;306;1936-07-01
21715;610;1962-07-01
21716;610;1940-07-01
21719;610;1925-07-01
21720;610;1963-07-01
21723;610;1942-07-01
21724;610;1941-07-01
21728;610;1945-11-01
21738;610;1947-10-11
21742;468;1993-07-01
21775;383;1957-07-01
21799;122;1985-07-01
21804;2784;1969-07-01
21805;405;1936-11-01
21806;141;1924-07-01
21808;403;1967-07-01
21836;200;1984-07-01
21863;200;1993-02-17
22022;667;1986-07-01
22113;413;1987-09-02
22116;122;1986-07-01
22292;1017;1993-11-01
22298;618;1987-07-01
22310;92;1969-01-01
22465;3793;1991-07-01
22483;5378;1984-07-01
22513;2503;1989-11-07
22572;4603;1990-10-25
22619;409;1981-07-01
22631;4959;1982-07-01
22633;301;1970-07-01
22634;301;1961-07-01
22636;301;1964-07-01
22638;1402;1988-07-01
22639;301;1978-08-01
22640;301;1991-03-01
22641;301;1981-08-01
22642;301;1971-08-01
22643;301;1990-08-01
22644;301;1974-03-03
22655;399;1985-10-11
22719;1007;1993-01-01
22823;9211;1993-01-01
22824;3832;1986-01-01
22829;1008;1991-01-01
22831;150;1990-10-15
22835;17149;1991-07-01
22837;88;1992-04-28
22854;984;1993-07-01
22869;2049;1987-07-01
22885;6335;1993-07-01
22902;829;1989-07-01
22903;920;1989-07-01
22907;36;1988-07-01
22941;2282;1984-07-01
22946;159;1988-07-01
22962;720;1988-07-01
22989;156;1990-12-01
22993;294;1973-09-24
23002;669;1977-07-01
23003;512;1989-11-07
23014;1025;1986-07-01
23016;24927;1988-07-01
23020;338;1948-07-27
23021;62;1973-01-01
23024;709;1988-07-01
23025;371;1987-07-01
23026;663;1974-08-01
23079;1033;1988-01-01
23092;663;1971-01-01
23117;6195;1992-11-22
23126;829;1992-07-01
23127;3426;1989-01-01
23167;448;1980-01-01
23194;77;1985-07-01
23217;159;1986-01-01
23247;669;1990-07-01
23249;410;1990-01-01
23278;62;1988-07-01
23280;195;1986-07-01
23298;1118;1983-01-01
23377;306;1988-07-01
23384;468;1990-07-01
23393;1110;1992-03-05
23403;1522;1985-01-01
23414;42;1947-07-01
23423;6764;1985-01-01
23424;234;1973-07-01
23425;413;1970-07-01
23426;116;1972-07-01
23427;8689;1968-07-01
23428;122;1966-07-01
23429;1096;1960-07-01
23432;234;1939-07-01
23435;383;1945-07-01
23436;2784;1985-07-01
23437;588;1986-07-01
23439;1118;1992-01-01
23442;6251;1993-01-01
23448;234;1955-07-08
23465;46;1992-07-01
23472;2444;1976-07-01
23492;127;1992-01-01
23500;116;1988-07-01
23501;180;1991-06-11
23530;931;1958-07-01
23535;931;1956-01-05
23570;543;1984-06-08
23571;931;1968-12-01
23572;931;1949-07-01
23575;1123;1992-07-01
23631;631;1988-03-06
23632;931;1990-07-01
23633;1110;1987-07-01
23634;931;1953-07-01
23635;931;1935-07-01
23636;989;1979-07-01
23646;113;1983-10-23
23717;46;1970-11-11
23719;46;1974-02-05
23733;369;1991-01-01
23794;506;1971-02-12
23856;244;1984-10-09
23857;969;1980-07-01
23860;1421;1963-07-01
23861;61;1967-07-01
23862;244;1972-04-01
23886;990;1961-11-15
23894;706;1984-11-01
23912;931;1904-04-01
23913;931;1926-04-15
23918;931;1924-07-01
23919;931;1909-07-01
23920;931;1929-07-01
23921;931;1931-04-20
23930;3832;1993-03-31
24047;677;1990-05-11
24106;940;1986-07-01
24131;468;1983-07-01
24135;46;1992-01-26
24184;990;1993-10-23
24185;873;1993-06-03
24195;200;1990-10-17
24326;932;1937-04-01
24352;379;1990-02-23
24365;379;1950-08-01
24366;379;1902-04-30
24367;379;1932-11-01
24388;187;1966-08-21
24391;709;1957-01-01
24428;339;1979-06-07
24453;216;1993-07-01
24526;1090;1993-07-01
24533;200;1989-07-01
24534;200;1993-09-17
24602;540;1978-07-01
24867;5225;1993-07-01
24910;281;1974-04-12
25093;36;1972-07-01
25112;208;1982-09-16
25250;2410;1960-01-01
25259;416;1974-03-04
25278;618;1961-01-01
25283;46;1968-07-01
25400;398;1984-09-24
25442;2410;1943-05-01
25446;265;1975-07-01
25447;527;1964-07-01
25448;336;1974-07-01
25451;91;1966-07-01
25469;5;1924-07-01
25506;131;1980-11-06
25507;829;1968-07-01
25516;6139;1948-07-01
25524;170;1953-07-01
25551;2275;1991-07-23
25582;306;1945-07-01
25611;36;1991-03-27
25650;131;1960-07-01
25654;383;1962-07-01
25685;468;1986-07-01
25725;8689;1971-07-01
25726;3837;1986-01-01
25736;256;1991-07-01
25749;383;1952-07-01
25822;141;1978-06-01
25857;1225;1990-08-19
25862;468;1972-04-04
25930;46;1984-07-01
25932;800;1990-07-01
25934;410;1991-07-01
25946;3837;1980-01-01
25982;11912;1976-03-01
25994;1090;1985-07-01
25996;468;1978-07-01
25997;1090;1990-07-01
26032;1025;1981-07-01
26033;1390;1993-09-05
26034;410;1989-07-01
26037;1025;1992-07-01
26062;543;1985-01-01
26063;1519;1971-12-03
26064;148;1958-07-01
26075;237;1983-07-01
26092;14;1971-07-01
26158;416;1988-12-13
26208;40;1978-07-01
26211;1025;1968-01-01
26216;282;1980-05-15
26222;897;1974-01-13
26257;416;1981-03-02
26258;410;1986-01-20
26287;430;1993-01-06
26301;1038;1978-10-23
26302;416;1989-05-23
26317;1390;1991-07-01
26318;1390;1986-02-10
26334;676;1984-01-01
26338;1044;1960-01-01
26345;197;1970-07-01
26371;663;1987-09-01
26376;76;1993-01-01
26428;1390;1957-01-14
26446;720;1965-07-23
26484;276;1992-03-16
26509;1008;1975-01-01
26512;527;1967-07-01
26546;418;1959-07-01
26549;27;1944-01-01
26598;10604;1989-07-01
26600;720;1982-07-01
26610;4603;1988-07-01
26612;339;1981-07-01
26698;11;1976-07-09
26702;131;1979-04-18
26703;634;1967-07-01
26706;124;1954-07-01
26708;279;1985-01-01
26711;204;1982-01-01
26715;13;1961-07-01
26716;399;1961-03-01
26719;990;1981-05-31
26721;422;1970-12-01
26722;990;1972-07-01
26726;368;1973-02-11
26727;216;1984-07-01
26728;336;1962-07-01
26730;527;1950-07-01
26741;1075;1993-07-01
26829;306;1977-09-01
26830;306;1979-11-11
26834;468;1969-11-28
26865;1050;1990-07-01
26987;2844;1993-01-01
27009;318;1991-04-01
27011;88;1993-09-01
27013;150;1986-03-11
27051;368;1989-07-01
27096;29;1961-04-22
27097;29;1987-06-19
27121;150;1992-01-27
27132;706;1982-07-01
27137;5;1976-07-01
27226;403;1982-07-01
27313;337;1989-04-26
27331;410;1984-07-01
27343;419;1990-07-01
27377;410;1993-09-29
27380;506;1974-07-01
27447;12;1989-03-20
27463;706;1972-07-01
27464;6195;1982-11-29
27493;410;1981-02-09
27684;984;1986-02-14
27738;708;1974-01-01
27768;800;1993-11-01
27788;1180;1986-07-01
27907;706;1986-11-09
27909;4959;1988-07-01
27938;3008;1979-07-01
28023;1390;1987-07-01
28026;12;1984-07-01
28044;932;1983-09-01
28092;932;1944-01-01
28117;631;1978-12-14
28163;255;1956-01-01
28172;122;1982-07-01
28173;676;1987-08-06
28174;122;1985-10-13
28181;2444;1983-09-01
28183;2444;1980-01-01
28190;676;1983-03-28
28191;676;1981-11-20
28192;395;1983-07-01
28193;395;1990-04-24
28194;395;1981-07-01
28198;676;1981-07-01
28209;409;1986-07-01
28277;468;1991-07-01
28287;663;1991-07-07
28301;829;1985-07-01
28409;2817;1991-01-01
28437;422;1992-03-30
28461;11;1966-06-20
28472;272;1981-01-01
28480;1008;1981-01-01
28481;336;1990-07-01
28484;940;1972-09-03
28485;687;1984-07-22
28486;3837;1960-01-01
28489;127;1989-07-01
28490;667;1988-10-01
28491;20;1986-07-01
28493;20;1991-01-07
28494;20;1979-07-01
28499;208;1983-07-01
28504;368;1986-07-01
28534;583;1983-07-01
28535;2503;1978-12-05
28537;336;1988-07-01
28541;709;1971-01-01
28542;114;1957-07-01
28543;683;1968-07-01
28544;1091;1968-07-27
28545;141;1960-07-01
28546;1257;1969-11-01
28547;208;1948-07-01
28558;336;1967-07-01
28571;239;1987-01-01
28597;1043;1991-01-01
28608;238;1985-05-27
28611;88;1989-09-25
28794;312;1982-01-01
28795;708;1949-01-01
28802;22;1976-11-01
28847;603;1989-08-31
28900;159;1964-01-01
29223;940;1990-03-13
29231;368;1989-03-13
29485;683;1989-09-26
29527;150;1988-07-01
29567;1084;1986-03-11
29652;940;1988-07-01
29714;150;1982-07-01
29953;676;1960-07-01
29959;238;1990-10-02
29983;76;1984-01-01
29992;759;1980-10-03
30015;2817;1993-01-01
30029;91;1967-07-01
30037;175;1993-01-01
30139;267;1987-09-03
30256;84;1983-07-07
30323;13;1993-11-11
30324;13;1990-03-04
30422;940;1989-12-12
30455;2410;1940-01-01
30493;10604;1982-07-01
30538;1017;1965-07-01
30768;5766;1974-07-01
30769;715;1983-07-01
30779;1257;1968-07-01
30781;676;1980-04-14
30787;369;1981-01-01
30828;170;1975-04-22
30913;2973;1991-07-01
30966;36;1967-07-01
30967;20;1988-07-01
30980;3258;1972-07-01
31003;141;1980-07-01
31005;429;1983-07-01
31006;2441;1964-07-01
31011;114;1977-07-05
31012;150;1959-07-01
31013;114;1961-07-01
31031;16;1957-08-01
31039;683;1957-07-01
31040;6055;1978-07-01
31041;903;1948-01-31
31042;56;1954-07-01
31044;3837;1964-01-01
31051;14;1974-07-01
31054;669;1955-07-01
31056;21598;1955-01-01
31057;58;1950-07-01
31061;1049;1962-07-01
31062;5790;1968-01-01
31088;150;1968-11-11
31089;504;1955-07-01
31091;1522;1979-07-01
31112;122;1965-01-01
31116;3057;1987-10-01
31118;3008;1980-01-01
31122;237;1961-07-01
31123;368;1958-01-01
31124;1110;1988-06-08
31127;1236;1967-01-01
31128;678;1956-07-01
31135;1096;1965-07-01
31145;395;1981-07-01
31154;932;1981-01-01
31228;1032;1972-07-01
31321;164;1970-10-22
31340;681;1976-01-06
31401;1044;1932-01-01
31402;289;1965-08-01
31409;71;1972-07-01
31475;7609;1956-01-01
31510;1025;1983-07-01
31511;543;1964-01-01
31513;8036;1993-01-01
31514;329;1968-07-01
31524;76;1957-01-01
31540;1075;1982-07-01
31554;5849;1978-01-01
31559;11912;1984-01-01
31573;683;1965-07-01
31574;3837;1982-01-01
31602;197;1978-04-05
31626;452;1977-09-22
31638;195;1976-01-01
31712;36;1971-01-01
31824;511;1968-01-01
31853;17149;1989-07-01
31857;200;1964-07-01
31859;208;1965-01-01
31860;170;1970-07-01
31940;2531;1984-07-01
31942;422;1983-07-01
31945;1257;1976-07-01
31948;150;1987-07-01
31954;239;1976-01-01
31955;443;1984-07-01
31963;282;1983-07-01
31976;1180;1974-08-01
31982;1180;1983-09-11
31986;681;1978-07-01
31992;239;1983-01-01
31997;786;1984-07-01
32006;62;1987-07-01
32026;17149;1985-07-01
32027;5378;1989-07-01
32029;232;1975-07-01
32030;603;1973-11-13
32036;21955;1961-07-01
32037;9026;1972-07-01
32038;419;1957-07-01
32039;7976;1957-01-01
32040;33019;1957-07-01
32041;1118;1964-07-01
32043;829;1980-07-01
32046;21;1971-07-01
32047;1007;1978-07-01
32051;450;1975-07-01
32059;6469;1981-01-01
32062;730;1987-07-01
32063;634;1972-07-01
32064;159;1982-01-01
32074;1007;1986-07-01
32075;377;1978-01-01
32076;16786;1981-01-01
32094;1186;1980-08-01
32102;159;1976-07-01
32103;10604;1981-07-01
32109;337;1965-12-01
32110;31711;1958-01-01
32115;6251;1990-01-01
32120;829;1982-07-01
32132;2973;1969-07-01
32134;1894;1979-07-01
32179;82;1979-04-30
32180;82;1978-12-04
32197;2817;1971-01-01
32198;447;1969-07-01
32200;8036;1979-01-01
32209;3426;1979-01-01
32210;1257;1980-07-01
32212;1007;1992-07-01
32234;709;1976-07-01
32241;2784;1974-07-01
32248;1082;1978-07-01
32251;410;1990-11-12
32253;706;1965-01-01
32254;2553;1965-07-01
32263;3237;1969-01-01
32264;77;1978-07-01
32270;173;1972-01-01
32271;175;1965-01-01
32274;279;1966-01-01
32282;413;1965-01-01
32284;428;1965-08-25
32285;272;1969-01-01
32290;2410;1969-12-20
32292;1231;1990-01-01
32299;1044;1972-01-01
32302;1231;1969-01-01
32313;5200;1956-01-01
32322;20924;1955-01-01
32392;276;1978-11-13
32413;61;1989-07-01
32414;88;1993-05-21
32434;506;1946-07-01
32435;1096;1964-11-22
32436;708;1973-01-01
32438;3471;1967-07-01
32445;1522;1982-07-01
32446;660;1960-05-27
32447;800;1949-01-01
32459;4286;1967-01-01
32462;5849;1987-01-01
32464;932;1963-03-01
32470;119;1988-07-01
32474;4421;1969-01-01
32507;237;1983-11-27
32509;540;1961-07-01
32518;715;1972-07-01
32520;2282;1963-07-01
32523;11912;1975-03-01
32542;336;1969-06-08
32549;12346;1977-07-01
32573;294;1970-02-09
32576;352;1953-07-01
32580;449;1991-07-01
32581;239;1975-01-01
32582;1894;1974-01-01
32588;129;1966-07-01
32589;41;1956-07-01
32591;1132;1977-02-20
32592;1897;1959-07-01
32595;952;1965-01-01
32599;12;1973-07-01
32660;1894;1976-01-01
32674;239;1985-07-01
32675;422;1987-07-01
32684;450;1990-07-01
32706;3;1948-03-13
32708;3;1958-07-01
32709;3;1953-05-18
32715;2573;1991-07-01
32717;428;1990-06-06
32731;1049;1976-07-01
32739;429;1967-07-01
32742;434;1983-07-01
32744;1044;1978-01-01
32745;2784;1971-07-01
32746;6469;1974-01-01
32747;2817;1967-01-01
32749;204;1971-07-01
32762;21;1963-01-01
32771;5378;1966-01-01
32772;21945;1966-07-01
32773;294;1968-07-01
32774;3237;1965-01-01
32776;932;1978-07-01
32777;1225;1962-01-01
32781;801;1961-01-01
32783;238;1972-08-19
32784;5790;1959-01-01
32791;715;1963-01-01
32806;255;1930-05-01
32809;76;1964-01-01
32813;3189;1989-01-01
32831;540;1984-07-01
32833;1110;1986-01-01
32842;10603;1965-07-01
32844;157;1977-07-01
32847;625;1979-10-26
32848;195;1964-01-01
32863;1186;1979-01-01
32874;141;1967-01-01
32885;58;1969-01-01
32886;428;1964-01-01
32890;6066;1963-01-01
32892;527;1972-03-03
32893;175;1966-01-01
32922;4668;1956-01-01
32924;256;1957-01-01
32925;162;1970-07-01
32927;677;1963-05-01
32931;683;1958-07-01
32938;452;1970-07-01
32947;148;1991-07-23
32949;21949;1974-07-01
32954;1894;1972-01-01
33007;450;1963-07-01
33009;428;1963-09-10
33010;162;1963-07-01
33019;1257;1963-07-01
33025;669;1963-07-01
33102;1402;1977-07-01
33106;2817;1972-01-01
33107;16786;1969-01-01
33128;1522;1990-01-01
33130;99;1958-01-01
33134;16786;1974-01-01
33163;1038;1965-10-25
33187;5790;1964-01-01
33222;13;1965-07-01
33227;237;1973-10-06
33237;150;1971-09-05
33242;1084;1978-07-01
33246;1049;1959-01-01
33270;681;1960-07-01
33272;1084;1966-07-01
33276;237;1972-04-03
33278;1049;1968-09-15
33282;237;1969-11-30
33284;237;1967-07-01
33285;940;1967-07-01
33287;621;1965-07-01
33290;1084;1977-11-13
33291;621;1963-07-01
33292;1049;1980-07-01
33301;621;1961-01-01
33305;1084;1965-07-01
33328;897;1958-07-01
33329;150;1965-09-05
33330;897;1967-02-07
33332;897;1976-07-01
33371;237;1968-03-25
33406;940;1960-04-18
33421;897;1967-07-01
33482;318;1969-12-01
33493;5;1906-07-01
33494;506;1951-07-01
33495;430;1967-12-17
33498;416;1942-12-30
33499;5;1899-12-16
33501;416;1948-07-01
33502;398;1975-12-01
33503;398;1953-07-01
33504;416;1953-11-02
33516;368;1981-12-08
33523;12;1958-11-03
33564;150;1983-07-01
33565;430;1946-07-01
33567;506;1934-12-10
33568;800;1949-03-13
33572;940;1985-11-26
33576;1049;1982-01-05
33582;1025;1946-07-01
33588;279;1990-01-01
33729;410;1960-11-21
33745;2410;1987-11-15
33796;321;1980-07-01
33874;1038;1980-07-01
33885;276;1993-07-01
33982;418;1951-03-18
33986;940;1957-07-01
33990;13;1953-10-18
33993;368;1949-07-01
33994;940;1953-07-01
33996;418;1948-01-27
34018;131;1942-02-01
34167;3899;1984-07-01
34168;1084;1989-02-01
34176;940;1988-03-29
34196;720;1961-07-01
34395;11;1925-06-11
34402;11;1947-06-02
34463;192;1971-07-01
34507;1096;1936-01-01
34519;11;1897-06-30
34558;416;1933-05-22
34570;1096;1991-01-31
34587;3426;1970-01-01
34633;3899;1982-07-01
34849;1025;1948-07-01
34850;46;1936-07-01
34851;1025;1938-10-10
34852;506;1923-07-01
34853;1025;1935-01-28
34855;5;1936-12-06
34856;46;1919-07-01
34883;317;1979-09-27
34977;506;1900-01-01
34978;46;1909-01-01
35299;317;1982-07-01
35539;984;1984-02-14
35580;418;1939-07-01
36207;85;1973-07-01
36208;48;1955-01-01
36211;71;1966-07-01
36521;2531;1993-01-01
36866;759;1983-08-25
36953;430;1987-07-01
36954;398;1985-02-25
37256;11912;1978-03-01
37320;6195;1977-07-01
37360;107;1958-07-01
37378;1390;1984-07-01
37433;1041;1966-07-01
37446;398;1983-05-09
37629;1025;1984-10-16
37656;237;1968-07-01
37658;131;1955-07-01
37662;13;1993-02-09
37676;1050;1971-03-01
37706;21953;1988-01-01
37710;418;1984-11-01
37711;237;1988-03-06
37713;131;1926-12-01
37714;150;1947-07-01
37715;131;1929-03-31
37716;940;1978-07-01
37717;131;1969-10-15
37738;294;1947-09-01
37754;1049;1933-07-01
37758;418;1932-07-01
37759;131;1956-05-28
37775;368;1942-07-01
37778;368;1945-07-01
37780;131;1940-03-20
37784;131;1941-07-01
37787;336;1989-12-24
37801;621;1962-07-01
37802;897;1963-01-20
37814;10848;1966-05-15
37856;13;1933-07-01
37860;368;1942-03-23
37862;368;1941-07-01
37863;1049;1943-04-15
37896;940;1965-07-01
37901;940;1955-07-01
37926;200;1974-07-01
37928;2503;1987-07-01
37942;621;1940-07-01
38025;150;1967-11-11
38036;621;1928-07-01
38054;449;1989-07-01
38059;2;1953-07-01
38060;368;1947-07-01
38174;932;1948-01-01
38200;681;1951-07-01
38286;1443;1935-01-01
38346;681;1930-07-01
38347;232;1936-05-01
38357;101;1986-07-01
38371;15;1939-01-01
38507;1025;1984-07-01
38530;1049;1993-11-20
38531;13;1993-10-20
38538;13;1993-02-22
38557;2784;1981-07-01
38601;21951;1991-07-01
38617;267;1990-01-01
38664;365;1991-07-01
38750;2844;1979-01-01
38767;422;1989-10-04
38777;353;1991-03-16
38798;1025;1987-04-15
38805;398;1983-12-13
38877;413;1976-07-01
38933;759;1989-01-01
38934;621;1986-07-01
38940;678;1993-07-01
38972;150;1990-04-16
39102;468;1963-07-01
39149;897;1980-07-01
39169;150;1989-05-15
39245;13;1986-11-10
39321;1049;1985-07-01
39348;940;1984-03-20
39349;150;1985-03-10
39437;1049;1988-03-22
39514;31;1956-05-05
39515;989;1958-07-01
39517;31;1936-06-06
39518;31;1928-03-07
39519;31;1923-02-13
39520;281;1924-01-01
39521;31;1896-08-17
39522;31;1892-03-15
39557;306;1963-07-01
39576;130;1987-10-01
39600;365;1985-01-01
39602;1522;1976-07-01
39616;306;1969-07-01
39879;1091;1992-03-23
40019;237;1985-07-01
40107;1049;1993-12-21
40132;150;1981-09-24
40204;4772;1976-07-01
40205;1050;1992-07-01
40440;22;1984-05-28
40473;634;1980-07-01
40481;234;1952-07-01
40765;168;1993-08-24
41031;10;1973-09-01
41090;2698;1992-01-01
41110;3237;1985-03-01
41252;1519;1993-07-01
41258;1073;1972-07-01
41272;39;1968-03-12
41274;39;1967-01-01
41275;39;1966-07-01
41276;39;1969-07-01
41426;1091;1989-04-10
41487;377;1984-07-01
41488;447;1965-07-01
41531;1118;1991-01-01
41771;39;1957-07-01
41772;39;1967-07-01
41783;39;1952-07-01
42177;3237;1991-01-01
42366;97;1972-07-01
42367;15;1972-07-01
42616;276;1969-07-01
42701;61;1988-01-01
42830;1025;1982-03-15
43198;130;1983-07-01
43230;1390;1987-11-16
43232;416;1980-02-05
43239;21951;1992-07-01
43320;1025;1982-07-01
43398;1184;1981-07-01
43472;687;1992-01-01
43474;175;1993-09-06
43620;200;1949-07-01
43634;786;1989-07-01
43726;239;1992-01-01
43907;84;1988-07-10
43910;2573;1977-07-01
44016;122;1967-07-01
44035;1064;1993-01-01
44337;76;1987-01-01
44447;410;1969-07-01
44448;506;1963-10-01
44474;61;1985-07-01
44598;276;1932-07-01
44737;39;1950-10-09
44754;39;1950-07-01
44788;2817;1989-01-01
44806;2961;1990-08-01
44807;2961;1990-01-01
44808;76;1989-09-08
44902;328;1993-07-01
45373;46;1959-07-01
45374;46;1957-05-06
45375;6195;1961-07-01
45651;964;1992-03-15
45883;141;1975-07-01
45901;20;1980-07-01
45997;77;1990-07-01
46089;2503;1981-07-01
46133;20;1988-10-17
46238;294;1963-07-01
46306;506;1942-07-01
46307;1025;1951-11-05
46308;1038;1947-04-23
46309;800;1946-01-13
46310;5;1966-07-01
46311;430;1977-12-19
46312;6195;1976-06-23
46339;398;1985-02-25
46347;800;1969-07-01
46351;1038;1951-04-15
46352;130;1975-05-19
46353;398;1964-07-01
46354;800;1963-07-01
46355;410;1963-10-07
46357;1390;1957-11-18
46358;416;1962-12-31
46359;276;1959-11-05
46360;800;1974-11-18
46361;410;1967-07-01
46362;12;1952-07-01
46375;416;1940-01-08
46376;634;1939-07-01
46377;276;1953-03-23
46378;416;1948-07-01
46379;276;1933-07-01
46380;2441;1952-01-01
46382;430;1938-07-01
46383;800;1941-07-01
46384;1038;1958-02-17
46385;130;1955-07-01
46415;1421;1992-01-01
46634;2275;1985-01-01
46795;434;1927-07-01
46810;448;1961-01-01
47094;6195;1959-07-01
47195;279;1930-01-01
47213;22431;1991-07-01
47249;279;1942-07-01
47400;1091;1987-12-13
47516;403;1936-07-01
47741;1184;1990-07-01
47742;1184;1991-11-02
47777;410;1980-03-07
47830;354;1992-07-01
47931;306;1966-07-01
47968;1519;1959-06-01
48095;800;1976-07-01
48097;276;1978-07-01
48136;130;1977-07-01
48515;2973;1991-09-21
48688;1025;1983-03-05
48896;1091;1990-12-24
49129;1519;1958-10-28
49168;1049;1969-01-01
49443;3899;1993-01-01
49449;940;1979-01-01
49475;897;1959-01-01
49535;940;1974-01-01
49597;2784;1976-07-01
49602;800;1981-01-19
49621;448;1968-01-01
49735;130;1980-02-17
49912;1025;1993-02-28
50375;306;1973-07-01
50403;398;1961-07-01
50404;5;1966-03-07
50445;1038;1979-11-04
50447;1038;1973-07-01
50534;56;1963-07-01
50573;15;1965-07-01
50583;2961;1989-01-01
50584;76;1988-06-30
50690;157;1983-12-06
50705;8;1966-07-01
50706;10;1972-01-01
50764;1519;1917-05-08
50768;159;1974-01-01
50775;21949;1981-01-01
50828;276;1971-07-01
50877;57;1966-07-01
50930;1096;1979-07-01
50934;450;1987-07-01
51003;506;1970-07-01
51051;12;1965-07-01
51056;631;1981-05-28
51062;80;1960-07-01
51082;583;1984-04-06
51083;583;1977-07-01
51084;1421;1991-07-01
51085;583;1972-07-01
51086;583;1973-01-01
51087;417;1989-07-01
51088;583;1985-04-04
51090;244;1978-12-13
51095;337;1986-01-22
51112;2288;1958-08-01
51139;35;1967-01-01
51141;677;1982-07-01
51148;2282;1981-10-10
51194;23;1961-07-01
51222;964;1991-01-01
51239;762;1962-07-01
51251;631;1977-07-07
51268;990;1987-06-02
51271;244;1993-07-01
51278;130;1971-07-01
51279;130;1964-11-29
51325;6195;1968-01-01
51344;44;1959-07-01
51387;1039;1984-07-01
51453;5608;1958-07-01
51553;1237;1982-12-10
51556;1237;1981-07-01
51568;1071;1981-03-03
51618;10848;1978-07-01
51666;350;1975-10-21
51669;42;1959-07-01
51726;398;1966-11-13
51760;358;1967-09-01
51806;1038;1965-01-31
51808;46;1949-07-01
51896;329;1979-07-01
51962;25;1980-07-01
51963;25;1982-03-06
52001;506;1962-01-01
52002;410;1976-07-01
52003;6195;1963-07-01
52006;265;1985-06-21
52041;289;1978-12-13
52166;1186;1992-08-09
52168;2410;1993-08-14
52207;417;1987-07-01
52226;1083;1990-08-27
52348;130;1960-04-10
52490;21955;1973-01-01
52524;318;1987-04-20
52537;410;1987-07-01
52598;434;1974-07-01
52599;8036;1969-01-01
52692;12;1950-12-24
52710;443;1988-01-01
52817;1035;1988-10-21
52841;1123;1980-11-01
52881;99;1978-07-01
52891;276;1955-02-06
52892;6195;1959-10-11
52908;349;1985-07-01
52919;399;1978-11-16
52948;180;1985-07-12
53026;428;1992-07-01
53072;984;1981-07-01
53112;56;1949-07-01
53113;452;1948-01-01
53114;72;1953-01-01
53116;4;1951-01-01
53117;170;1936-01-01
53118;65;1955-01-01
53124;86;1947-01-01
53129;383;1958-07-01
53269;506;1949-03-06
53270;410;1958-01-01
53288;603;1984-09-23
53296;1039;1977-07-10
53348;13;1993-09-05
53425;706;1976-07-01
53539;1025;1958-07-01
53540;430;1947-01-19
53542;398;1957-01-01
53543;1390;1960-04-10
53544;276;1978-07-01
53625;2227;1967-01-01
53804;3832;1992-01-01
53956;156;1989-07-01
54007;1421;1989-07-01
54056;12;1951-05-13
54058;1038;1956-07-01
54221;92;1967-07-01
54227;410;1950-07-01
54245;276;1950-07-01
54265;52;1959-07-01
54277;157;1967-07-01
54305;667;1956-07-01
54552;1041;1980-07-01
54558;1041;1962-07-01
54562;336;1977-07-01
54673;790;1993-07-01
54774;1025;1949-12-11
54780;1025;1951-06-10
54787;119;1936-01-01
54848;119;1962-07-01
54880;8;1958-07-01
54905;634;1946-01-01
54945;667;1989-07-01
55092;416;1959-07-01
55132;2227;1986-01-01
55921;85;1961-07-01
55942;276;1953-07-01
55945;276;1964-05-24
56475;447;1988-01-01
56491;113;1952-07-01
56559;276;1965-07-01
56580;21;1953-07-01
56583;21;1958-06-01
56587;99;1948-07-01
56589;187;1956-09-30
56593;30;1956-05-02
56624;113;1951-01-01
56715;195;1984-01-01
56853;12;1929-10-06
56872;398;1929-01-01
56876;430;1933-07-01
56910;12;1929-11-24
56911;430;1933-11-19
56936;46;1942-04-26
56937;416;1930-07-01
56957;12;1933-07-01
56961;398;1932-07-01
56969;5;1937-07-01
57031;130;1975-07-01
57155;932;1946-01-01
57181;4040;1954-01-01
57421;417;1964-07-01
57439;416;1931-07-01
57465;984;1985-09-29
57473;417;1990-12-31
57501;417;1962-07-01
57502;398;1953-03-22
57593;255;1989-07-01
57717;12;1931-11-22
57729;130;1958-07-01
57743;800;1951-01-07
57773;416;1932-01-01
57786;6195;1935-07-01
57803;667;1973-11-01
57805;1041;1968-07-01
57806;969;1954-07-01
57807;969;1935-07-01
57811;1025;1934-01-21
57859;1025;1933-04-23
57932;5378;1988-07-01
57957;527;1993-07-01
58035;2055;1980-07-01
58043;116;1983-01-01
58047;1096;1968-07-01
58090;1096;1945-07-01
58099;130;1972-07-01
58227;398;1934-05-15
58247;10;1990-10-02
58263;455;1993-01-01
58332;543;1982-02-02
58345;1003;1977-06-09
58397;350;1969-07-01
58428;6195;1938-01-09
58434;1025;1933-11-26
58456;9211;1990-01-01
58534;504;1958-11-07
58596;337;1975-09-18
58617;826;1985-07-01
58625;244;1985-07-01
58686;1003;1971-07-01
58712;506;1939-07-01
58723;3237;1993-01-01
58780;130;1978-07-01
58793;21951;1993-10-01
58804;618;1983-01-01
58825;1039;1971-01-06
58876;583;1976-07-01
58897;46;1936-04-12
58898;667;1985-12-01
58935;2282;1965-07-01
58964;1038;1977-07-01
59091;35;1963-07-01
59109;800;1937-07-01
59130;430;1937-07-01
59225;157;1964-07-01
59230;1421;1979-07-01
59231;157;1959-07-01
59234;1421;1978-10-01
59252;141;1916-01-01
59356;398;1939-02-26
59390;5790;1962-07-01
59408;12;1942-12-13
59445;1033;1993-01-01
59523;113;1958-04-01
59550;6195;1940-07-01
59565;46;1940-07-01
59601;506;1940-11-03
59668;1025;1945-07-01
59742;706;1993-03-11
59743;706;1991-02-07
59789;715;1992-11-01
59805;1025;1942-07-01
59807;15;1957-07-01
59830;26;1958-07-01
59914;932;1962-06-20
59918;12;1945-07-01
59937;167;1963-07-01
59973;20;1986-12-25
60108;20;1981-07-01
60109;36;1987-05-25
60110;1519;1922-12-06
60114;36;1990-05-16
60153;631;1907-07-01
60234;237;1979-09-01
60278;6195;1947-11-02
60291;40;1974-02-02
60352;130;1963-12-08
60357;398;1948-02-15
60397;12;1950-05-14
60410;6764;1977-01-01
60412;506;1949-03-20
60428;1044;1950-07-01
60447;200;1966-01-15
60477;11;1962-07-01
60483;337;1960-07-01
60630;6055;1937-07-01
60687;940;1979-10-25
60707;5378;1970-07-01
60730;7976;1977-07-01
60737;20;1993-11-23
61006;1025;1946-01-14
61038;116;1954-07-01
61120;504;1950-07-01
61157;527;1955-07-01
61264;306;1971-06-01
61354;11912;1990-01-01
61363;192;1966-07-01
61450;6065;1988-01-01
61485;354;1982-07-01
61487;157;1988-07-01
61516;8036;1984-01-01
61588;279;1970-09-01
61625;703;1969-01-01
61757;321;1959-07-01
61892;84;1962-01-01
61940;370;1971-01-01
62080;669;1969-01-01
62081;540;1962-01-01
62106;1421;1969-07-01
62109;826;1988-05-01
62113;362;1971-01-01
62184;255;1971-07-04
62373;618;1962-03-26
62492;61;1986-09-25
62566;677;1937-07-01
62573;162;1952-07-01
62666;1421;1963-03-19
62707;417;1979-07-01
62715;800;1976-06-06
62744;180;1955-01-01
62756;403;1966-07-01
62780;130;1976-01-01
62819;631;1974-10-03
62972;1184;1984-07-01
63121;512;1960-07-01
63133;512;1983-12-09
63250;512;1981-07-01
63257;2973;1986-11-10
63289;543;1982-08-04
63299;543;1976-06-19
63300;2441;1983-07-01
63301;289;1979-06-07
63348;1064;1969-07-01
63407;282;1982-01-01
63454;162;1974-07-01
63498;667;1980-09-01
63676;337;1964-07-01
63696;1096;1983-07-01
63697;7976;1978-10-19
63757;2055;1987-07-01
63790;350;1973-12-09
63945;267;1986-01-01
63976;1090;1968-07-01
63977;1090;1971-05-06
63979;289;1968-02-09
64089;405;1964-07-01
64128;1035;1968-02-02
64156;1082;1963-07-01
64157;244;1939-07-01
64267;1017;1984-07-01
64268;1064;1988-07-01
64288;337;1970-07-01
64366;276;1960-10-02
64401;2784;1993-07-01
64444;995;1959-09-01
64562;119;1934-07-01
64709;1390;1958-07-01
64759;2055;1990-03-08
64811;276;1962-12-02
64875;410;1962-07-01
64920;410;1975-01-01
64928;276;1958-07-01
64936;667;1947-07-01
64974;260;1970-11-20
65185;618;1983-07-01
65188;1041;1981-11-22
65274;829;1962-11-01
65291;2844;1972-01-01
65316;260;1955-07-01
65339;1390;1954-03-07
65352;1390;1954-04-04
65417;40;1933-07-01
65503;350;1978-01-23
65513;2784;1963-07-01
65553;1064;1962-01-01
65689;1390;1957-01-13
65723;130;1956-07-01
65760;2817;1986-01-01
65773;204;1971-01-01
65774;1390;1957-11-10
65816;434;1983-10-21
65817;625;1978-04-06
65818;321;1976-07-01
65839;683;1971-07-01
65926;2055;1979-07-01
65940;527;1979-07-01
66038;512;1985-06-24
66081;26;1982-07-01
66083;116;1977-12-09
66259;641;1982-10-23
66265;6195;1964-03-15
66275;130;1964-11-22
66312;641;1981-07-01
66354;873;1966-07-01
66439;329;1963-01-01
66587;410;1973-07-01
66845;1181;1978-05-20
67150;7976;1992-01-01
67236;452;1983-10-21
67449;130;1981-07-01
67455;113;1953-07-01
67458;99;1987-07-01
67649;9465;1989-07-01
67794;1231;1989-01-01
67957;504;1958-07-01
68053;40;1989-02-01
68065;452;1934-01-01
68313;504;1960-07-01
68315;260;1959-07-01
68531;1184;1981-07-01
68578;826;1988-09-01
68698;377;1990-07-01
68699;2973;1979-07-01
68803;84;1991-11-04
69006;527;1960-07-01
69323;952;1988-10-13
69559;349;1984-02-08
70285;192;1969-07-01
70392;903;1971-07-01
70684;5378;1980-07-01
70816;173;1970-01-01
71444;355;1950-10-01
71482;625;1977-07-01
71997;40;1967-07-01
72076;989;1965-12-18
72166;1075;1978-07-01
72237;197;1971-07-01
72408;455;1988-07-01
72598;141;1979-09-25
72747;244;1950-07-01
72767;1053;1970-01-01
72790;419;1964-07-01
72921;114;1984-04-19
73119;281;1973-03-30
73147;1132;1976-01-07
73173;641;1954-07-01
73174;187;1962-07-01
73242;14958;1980-07-01
73243;603;1964-07-01
73394;369;1987-07-01
73476;1033;1991-08-02
73654;8685;1993-07-01
73658;434;1970-10-09
73751;260;1955-01-28
73825;678;1975-01-01
73935;3237;1968-01-01
74103;683;1969-04-30
74138;18774;1973-01-01
74139;338;1990-07-01
74157;3837;1971-01-01
74320;3837;1984-07-01
74342;2961;1984-08-01
74343;1044;1980-01-01
74363;353;1982-01-01
74574;130;1948-01-01
74577;3831;1983-01-09
74638;27;1902-01-01
74643;62;1933-01-01
74644;72;1945-01-01
74645;27;1950-01-01
74691;27;1934-01-01
74693;38;1951-10-01
74695;27;1946-01-01
74710;16;1947-03-01
74711;16;1946-01-01
74713;92;1952-01-01
74714;33;1946-12-01
74716;33;1925-04-03
74717;255;1933-01-01
74718;33;1932-07-20
74720;33;1938-10-26
74747;41;1943-01-01
74749;41;1935-01-01
74751;38;1946-03-01
74754;41;1931-01-01
74755;41;1927-11-16
74758;44;1929-01-01
74759;71;1946-01-01
74761;24;1949-01-01
74762;18;1950-01-01
74764;24;1911-02-01
74772;352;1978-05-17
74773;42;1947-01-01
74787;4;1926-01-01
74789;2;1938-01-01
74790;2;1945-01-01
74791;71;1952-01-01
74794;48;1945-01-01
74821;10;1924-11-01
74822;79;1945-01-01
74826;105;1952-07-01
74827;79;1934-01-01
74828;79;1936-01-01
74829;79;1939-03-01
74850;105;1961-01-01
74851;82;1976-01-01
74919;3793;1989-07-01
74937;2055;1972-07-01
74938;2055;1973-10-11
75070;1237;1983-10-01
75150;2288;1969-08-07
75203;511;1972-07-01
75385;418;1927-01-01
75386;418;1910-01-01
75430;506;1929-01-01
75483;5;1928-01-01
75551;1041;1950-01-01
75552;1041;1954-12-16
75553;244;1959-01-01
75554;1041;1959-01-01
75555;1041;1961-01-01
75556;244;1933-01-01
75558;244;1923-01-01
75559;244;1925-01-01
75568;65;1914-01-01
75570;65;1952-02-01
75573;65;1933-01-01
75577;44;1925-07-01
75578;44;1935-01-01
75586;30;1954-11-14
75588;187;1958-05-11
75595;5790;1991-07-01
75604;113;1938-01-01
75607;21;1955-02-20
75609;21;1961-03-01
75622;762;1956-01-01
75623;762;1947-05-01
75624;762;1958-01-01
75625;762;1961-10-01
75633;148;1898-01-01
75635;873;1960-04-15
75639;281;1889-07-01
75640;281;1912-09-10
75641;281;1925-11-15
75642;281;1926-04-26
75644;281;1946-12-02
75645;281;1947-11-01
75646;281;1950-06-01
75647;281;1963-07-12
75648;631;1939-04-19
75649;631;1905-01-01
75650;631;1952-01-01
75653;11;1934-06-01
75655;631;1933-01-01
75656;11;1956-10-24
75657;11;1958-07-01
75665;873;1905-01-01
75666;873;1962-11-15
75674;29;1919-01-01
75676;29;1948-09-01
75764;1003;1946-03-01
75765;1003;1936-01-01
75766;1003;1919-01-01
75768;1110;1943-01-01
75769;371;1897-01-01
75770;371;1940-02-19
75771;1010;1903-01-01
75772;1003;1955-06-01
75774;48;1913-01-01
75778;48;1932-01-01
75779;48;1938-01-01
75899;903;1970-12-08
75968;903;1969-09-02
76115;40;1970-07-01
76191;94;1962-03-10
76277;352;1974-03-06
76345;450;1993-09-23
76950;294;1953-01-01
76968;2288;1972-11-01
77006;197;1969-07-01
77025;352;1972-11-10
77178;5225;1971-07-01
77179;5225;1966-10-01
77198;941;1963-01-01
77247;452;1972-09-14
77293;422;1969-03-01
77414;336;1979-07-01
77635;84;1993-01-01
77743;5608;1990-07-01
77748;279;1983-12-07
77783;932;1991-01-01
77847;61;1971-10-15
77848;434;1971-07-01
77849;434;1971-09-30
77850;321;1970-07-01
77921;91;1981-07-01
77962;328;1991-09-16
78363;116;1975-12-04
78390;800;1928-07-01
78391;800;1929-03-10
78412;2441;1984-02-13
78417;1091;1966-07-01
78455;2227;1986-01-01
78480;260;1967-02-24
78481;321;1967-07-01
78482;321;1968-11-15
78491;434;1964-07-01
78501;1236;1988-07-01
78704;355;1980-01-28
78746;3189;1993-07-04
78798;26;1946-07-01
78801;434;1942-05-01
78892;6195;1961-05-23
78918;6195;1942-01-01
79048;625;1972-03-03
79136;85;1962-07-01
79137;1897;1990-07-01
79232;625;1966-07-01
79252;452;1964-04-03
79257;504;1963-05-17
79306;1225;1992-07-12
79307;2275;1992-01-01
79308;3189;1993-01-01
79309;2275;1993-05-16
79310;1225;1991-01-01
79316;1225;1988-07-01
79329;2055;1962-07-01
79568;1091;1965-07-01
79618;8036;1977-01-01
79620;8036;1978-10-01
