PlayerID;CompetitionID;Games;Goals;Assists;YellowCards;RedCards
1;L1;0;0;0;0;0
7;L1;0;0;0;0;0
15;CL;5;1;0;0;0
15;L1;0;0;0;0;0
19;CL;8;1;1;1;0
19;L1;0;0;0;0;0
20;CL;5;0;0;0;0
20;L1;0;0;0;0;0
24;L1;0;0;0;0;0
31;L1;0;0;0;0;0
48;L1;0;0;0;0;0
49;L1;0;0;0;0;0
52;L1;0;0;0;0;0
59;L1;0;0;0;0;0
62;CL;0;0;0;0;0
62;L1;0;0;0;0;0
68;CL;2;0;0;0;0
68;L1;7;0;1;0;0
71;CL;0;0;0;0;0
71;GB1;0;0;0;0;0
71;L1;0;0;0;0;0
85;CL;0;0;0;0;0
85;L1;0;0;0;0;0
89;CL;0;0;0;0;0
89;L1;0;0;0;0;0
92;CL;0;0;0;0;0
92;L1;0;0;0;0;0
94;CL;0;0;0;0;0
94;GB1;18;0;0;3;0
94;L1;0;0;0;0;0
95;CL;0;0;0;0;0
95;L1;13;0;0;0;1
105;CL;1;0;0;0;0
105;L1;0;0;0;0;0
112;L1;0;0;0;0;0
113;CL;0;0;0;0;0
113;L1;0;0;0;0;0
114;CL;0;0;0;0;0
114;L1;0;0;0;0;0
115;CL;0;0;0;0;0
115;L1;0;0;0;0;0
122;CL;0;0;0;0;0
122;GB1;0;0;0;0;0
122;L1;0;0;0;0;0
123;CL;0;0;0;0;0
123;L1;0;0;0;0;0
126;CL;3;0;0;0;0
126;L1;0;0;0;0;0
130;CL;0;0;0;0;0
130;L1;0;0;0;0;0
135;CL;0;0;0;0;0
135;L1;0;0;0;0;0
136;CL;0;0;0;0;0
136;L1;0;0;0;0;0
142;L1;0;0;0;0;0
151;L1;0;0;0;0;0
154;CL;1;0;0;0;0
154;L1;0;0;0;0;0
160;L1;0;0;0;0;0
161;L1;0;0;0;0;0
163;L1;13;0;1;1;0
173;L1;0;0;0;0;0
175;L1;0;0;0;0;0
176;L1;0;0;0;0;0
177;L1;2;0;0;1;0
180;L1;0;0;0;0;0
183;L1;7;0;0;0;0
185;L1;0;0;0;0;0
196;CL;0;0;0;0;0
196;L1;0;0;0;0;0
197;CL;0;0;0;0;0
197;L1;0;0;0;0;0
205;CL;1;0;0;0;0
205;GB1;0;0;0;0;0
205;L1;0;0;0;0;0
206;CL;0;0;0;0;0
206;L1;0;0;0;0;0
209;CL;0;0;0;0;0
209;L1;0;0;0;0;0
211;L1;0;0;0;0;0
216;CL;0;0;0;0;0
216;L1;0;0;0;0;0
222;CL;0;0;0;0;0
222;GB1;32;3;0;5;0
222;L1;0;0;0;0;0
231;L1;0;0;0;0;0
246;L1;0;0;0;0;0
248;L1;0;0;0;0;0
251;L1;0;0;0;0;0
254;GB1;27;2;0;1;0
254;L1;0;0;0;0;0
258;CL;0;0;0;0;0
258;L1;0;0;0;0;0
259;CL;5;0;0;1;0
259;L1;0;0;0;0;0
270;CL;7;0;1;0;0
270;L1;0;0;0;0;0
271;L1;13;0;0;0;0
275;CL;3;0;0;1;0
275;L1;0;0;0;0;0
279;CL;0;0;0;0;0
279;L1;0;0;0;0;0
284;CL;0;0;0;0;0
284;L1;0;0;0;0;0
285;CL;0;0;0;0;0
285;L1;0;0;0;0;0
304;L1;1;0;0;0;0
306;CL;3;0;0;0;0
306;L1;0;0;0;0;0
310;CL;5;0;0;1;0
310;L1;0;0;0;0;0
313;CL;6;0;2;0;0
313;L1;0;0;0;0;0
317;CL;5;2;3;0;0
317;L1;0;0;0;0;0
323;L1;0;0;0;0;0
325;L1;0;0;0;0;0
327;L1;0;0;0;0;0
328;CL;6;2;0;0;0
328;GB1;0;0;0;0;0
328;L1;0;0;0;0;0
337;CL;0;0;0;0;0
337;L1;0;0;0;0;0
353;CL;10;0;0;0;0
353;L1;0;0;0;0;0
356;CL;3;0;1;0;0
356;L1;0;0;0;0;0
360;CL;10;2;1;2;0
360;L1;0;0;0;0;0
361;CL;0;0;0;0;0
361;L1;0;0;0;0;0
362;L1;0;0;0;0;0
368;CL;6;1;1;1;0
368;L1;0;0;0;0;0
370;L1;0;0;0;0;0
377;L1;0;0;0;0;0
379;L1;0;0;0;0;0
387;L1;0;0;0;0;0
394;L1;0;0;0;0;0
402;L1;0;0;0;0;0
410;CL;12;0;0;1;0
410;L1;0;0;0;0;0
411;CL;6;3;2;3;0
411;L1;0;0;0;0;0
413;L1;0;0;0;0;0
423;L1;0;0;0;0;0
424;L1;0;0;0;0;0
427;CL;0;0;0;0;0
427;L1;0;0;0;0;0
431;CL;1;0;0;0;0
431;L1;0;0;0;0;0
443;L1;0;0;0;0;0
445;L1;0;0;0;0;0
452;CL;1;0;0;0;0
452;L1;0;0;0;0;0
458;L1;0;0;0;0;0
471;L1;0;0;0;0;0
473;L1;0;0;0;0;0
477;CL;1;1;0;0;0
477;GB1;0;0;0;0;0
477;L1;6;0;0;0;0
481;L1;0;0;0;0;0
492;L1;9;0;0;0;0
497;L1;0;0;0;0;0
505;L1;0;0;0;0;0
515;L1;19;1;3;4;0
535;L1;0;0;0;0;0
536;CL;8;0;0;2;0
536;GB1;33;1;0;5;1
536;L1;0;0;0;0;0
541;L1;0;0;0;0;0
545;L1;0;0;0;0;0
549;CL;5;0;0;0;0
549;L1;0;0;0;0;0
562;L1;0;0;0;0;0
586;CL;0;0;0;0;0
586;L1;0;0;0;0;0
598;CL;8;0;0;0;0
598;L1;0;0;0;0;0
599;CL;8;1;0;1;0
599;L1;0;0;0;0;0
612;CL;0;0;0;0;0
612;L1;0;0;0;0;0
614;L1;0;0;0;0;0
615;CL;0;0;0;0;0
615;L1;0;0;0;0;0
621;CL;2;0;0;0;0
621;L1;0;0;0;0;0
623;L1;0;0;0;0;0
635;L1;0;0;0;0;0
636;L1;13;0;0;1;0
642;L1;0;0;0;0;0
654;CL;3;0;0;0;0
654;L1;0;0;0;0;0
657;L1;0;0;0;0;0
660;CL;0;0;0;0;0
660;L1;0;0;0;0;0
664;L1;0;0;0;0;0
667;L1;0;0;0;0;0
669;GB1;0;0;0;0;0
669;L1;0;0;0;0;0
674;L1;1;0;0;0;0
678;CL;4;1;0;0;0
678;L1;0;0;0;0;0
679;L1;0;0;0;0;0
680;L1;0;0;0;0;0
687;L1;0;0;0;0;0
692;CL;0;0;0;0;0
692;L1;0;0;0;0;0
695;L1;0;0;0;0;0
698;L1;0;0;0;0;0
699;L1;0;0;0;0;0
703;L1;0;0;0;0;0
704;GB1;0;0;0;0;0
704;L1;0;0;0;0;0
709;CL;12;3;0;2;0
709;L1;0;0;0;0;0
711;L1;8;0;0;0;0
717;CL;0;0;0;0;0
717;L1;10;0;0;0;0
722;L1;0;0;0;0;0
727;L1;0;0;0;0;0
731;L1;18;7;5;0;0
733;L1;11;0;1;1;0
735;L1;3;0;0;0;0
742;L1;1;0;0;0;0
746;L1;0;0;0;0;0
749;L1;0;0;0;0;0
752;CL;4;0;0;0;0
752;L1;0;0;0;0;0
758;L1;28;8;6;4;1
766;L1;0;0;0;0;0
768;L1;0;0;0;0;0
773;CL;1;0;0;0;0
773;L1;0;0;0;0;0
774;L1;0;0;0;0;0
780;L1;25;2;0;2;0
788;L1;0;0;0;0;0
790;L1;0;0;0;0;0
792;L1;0;0;0;0;0
797;L1;0;0;0;0;0
798;L1;0;0;0;0;0
802;L1;11;0;0;0;0
822;L1;0;0;0;0;0
843;L1;7;0;1;0;0
851;L1;9;0;0;1;0
862;L1;0;0;0;0;0
869;L1;25;2;0;0;0
874;L1;0;0;0;0;0
875;L1;0;0;0;0;0
881;L1;0;0;0;0;0
891;L1;0;0;0;0;0
893;L1;15;1;0;3;0
896;L1;0;0;0;0;0
906;L1;0;0;0;0;0
908;L1;0;0;0;0;0
910;L1;0;0;0;0;0
919;CL;0;0;0;0;0
919;GB1;0;0;0;0;0
919;L1;0;0;0;0;0
934;L1;0;0;0;0;0
951;L1;0;0;0;0;0
955;L1;2;0;0;1;0
959;L1;6;0;0;0;0
973;L1;0;0;0;0;0
997;L1;0;0;0;0;0
1026;L1;0;0;0;0;0
1043;L1;0;0;0;0;0
1049;L1;0;0;0;0;0
1051;L1;0;0;0;0;0
1065;L1;0;0;0;0;0
1074;L1;5;0;0;0;0
1076;L1;9;0;1;1;0
1081;CL;4;1;0;0;0
1082;L1;0;0;0;0;0
1092;L1;0;0;0;0;0
1094;GB1;24;1;2;5;0
1094;L1;0;0;0;0;0
1126;L1;17;1;0;1;0
1139;L1;0;0;0;0;0
1148;L1;0;0;0;0;0
1157;CL;0;0;0;0;0
1157;L1;0;0;0;0;0
1186;L1;25;1;2;6;0
1202;CL;1;0;0;0;0
1236;L1;5;0;1;1;0
1255;L1;18;2;1;1;0
1257;L1;0;0;0;0;0
1258;L1;0;0;0;0;0
1260;CL;6;3;3;0;0
1260;L1;0;0;0;0;0
1261;CL;0;0;0;0;0
1261;L1;0;0;0;0;0
1273;L1;0;0;0;0;0
1278;L1;0;0;0;0;0
1279;L1;0;0;0;0;0
1283;L1;6;0;0;0;0
1285;L1;4;0;0;0;0
1312;L1;3;0;0;1;0
1317;L1;15;2;2;0;0
1324;L1;0;0;0;0;0
1327;L1;0;0;0;0;0
1330;L1;1;0;0;0;0
1331;CL;0;0;0;0;0
1331;L1;0;0;0;0;0
1335;L1;0;0;0;0;0
1374;L1;1;0;0;0;0
1379;L1;8;1;0;2;0
1384;L1;0;0;0;0;0
1385;L1;0;0;0;0;0
1390;L1;0;0;0;0;0
1397;CL;0;0;0;0;0
1397;GB1;0;0;0;0;0
1399;CL;6;0;0;1;0
1414;L1;0;0;0;0;0
1415;L1;1;0;0;0;0
1417;CL;4;0;0;0;0
1417;L1;0;0;0;0;0
1419;CL;6;0;0;0;0
1419;GB1;0;0;0;0;0
1419;L1;16;0;0;5;0
1426;CL;4;0;0;0;0
1426;L1;0;0;0;0;0
1430;CL;1;0;0;0;0
1430;L1;0;0;0;0;0
1432;CL;8;0;0;1;0
1432;L1;0;0;0;0;0
1433;L1;0;0;0;0;0
1442;L1;0;0;0;0;0
1450;CL;0;0;0;0;0
1450;GB1;12;0;0;1;0
1450;L1;5;0;0;1;1
1456;L1;0;0;0;0;0
1496;L1;0;0;0;0;0
1521;L1;0;0;0;0;0
1525;CL;6;2;0;1;0
1525;L1;0;0;0;0;0
1528;CL;9;0;1;3;0
1528;L1;0;0;0;0;0
1529;GB1;0;0;0;0;0
1564;L1;0;0;0;0;0
1572;L1;0;0;0;0;0
1579;L1;0;0;0;0;0
1597;L1;20;2;4;2;0
1600;CL;2;0;0;0;0
1600;GB1;10;1;0;1;0
1600;L1;0;0;0;0;0
1619;L1;0;0;0;0;0
1626;L1;0;0;0;0;0
1665;L1;23;0;1;3;0
1719;L1;4;0;1;0;0
1727;L1;0;0;0;0;0
1728;L1;0;0;0;0;0
1742;CL;2;0;0;0;0
1742;L1;0;0;0;0;0
1749;L1;0;0;0;0;0
1753;L1;12;0;0;0;0
1774;L1;4;0;0;0;0
1776;CL;3;0;0;0;0
1776;L1;10;0;0;2;0
1861;L1;0;0;0;0;0
1909;L1;0;0;0;0;0
1967;L1;2;0;0;0;0
2050;CL;0;0;0;0;0
2050;L1;0;0;0;0;0
2099;L1;18;0;0;4;0
2216;L1;9;0;1;1;0
2233;CL;0;0;0;0;0
2233;L1;0;0;0;0;0
2234;L1;0;0;0;0;0
2280;L1;0;0;0;0;0
2288;L1;0;0;0;0;0
2296;L1;25;0;1;5;0
2360;L1;0;0;0;0;0
2450;L1;0;0;0;0;0
2482;CL;0;0;0;0;0
2482;L1;0;0;0;0;0
2513;L1;0;0;0;0;0
2539;L1;0;0;0;0;0
2609;CL;0;0;0;0;0
2609;L1;0;0;0;0;0
2641;L1;0;0;0;0;0
2684;L1;1;0;0;0;0
2709;L1;23;0;1;6;0
2715;L1;16;2;1;4;0
2717;L1;0;0;0;0;0
2843;CL;1;0;0;0;0
2848;L1;0;0;0;0;0
2857;CL;6;0;0;0;0
2865;CL;4;0;0;0;0
2867;L1;15;2;2;5;0
2898;CL;12;5;2;1;0
2917;CL;5;1;0;2;0
2923;CL;5;0;0;0;0
2925;CL;6;1;0;0;0
2925;L1;1;0;0;0;0
2934;CL;0;0;0;0;0
2941;CL;0;0;0;0;0
2942;CL;0;0;0;0;0
2942;GB1;0;0;0;0;0
2945;CL;0;0;0;0;0
2947;CL;6;0;0;0;0
2951;CL;0;0;0;0;0
2953;GB1;16;3;0;5;0
2955;CL;0;0;0;0;0
2977;L1;0;0;0;0;0
2995;CL;2;0;0;0;0
2995;L1;0;0;0;0;0
3010;CL;0;0;0;0;0
3056;CL;0;0;0;0;0
3060;CL;0;0;0;0;0
3073;CL;0;0;0;0;0
3089;GB1;0;0;0;0;0
3094;CL;0;0;0;0;0
3094;GB1;0;0;0;0;0
3095;CL;0;0;0;0;0
3095;GB1;0;0;0;0;0
3097;CL;0;0;0;0;0
3112;GB1;0;0;0;0;0
3113;CL;0;0;0;0;0
3113;GB1;0;0;0;0;0
3114;L1;0;0;0;0;0
3116;CL;10;2;1;1;0
3116;GB1;9;0;0;0;0
3117;CL;5;0;0;1;0
3117;GB1;0;0;0;0;0
3129;CL;0;0;0;0;0
3129;GB1;23;3;0;3;0
3129;L1;14;1;0;4;0
3131;GB1;0;0;0;0;0
3133;CL;0;0;0;0;0
3133;GB1;0;0;0;0;0
3142;CL;0;0;0;0;0
3142;GB1;0;0;0;0;0
3145;GB1;0;0;0;0;0
3149;L1;1;0;0;0;0
3152;CL;0;0;0;0;0
3152;GB1;0;0;0;0;0
3156;CL;0;0;0;0;0
3156;GB1;0;0;0;0;0
3162;GB1;0;0;0;0;0
3163;CL;0;0;0;0;0
3163;GB1;0;0;0;0;0
3173;CL;0;0;0;0;0
3173;GB1;0;0;0;0;0
3183;CL;0;0;0;0;0
3183;GB1;0;0;0;0;0
3186;CL;0;0;0;0;0
3186;GB1;0;0;0;0;0
3188;CL;0;0;0;0;0
3188;GB1;0;0;0;0;0
3190;CL;0;0;0;0;0
3190;GB1;0;0;0;0;0
3193;CL;0;0;0;0;0
3193;GB1;0;0;0;0;0
3207;CL;0;0;0;0;0
3207;GB1;0;0;0;0;0
3209;CL;0;0;0;0;0
3209;GB1;0;0;0;0;0
3210;CL;0;0;0;0;0
3210;GB1;0;0;0;0;0
3210;L1;0;0;0;0;0
3218;CL;0;0;0;0;0
3218;GB1;0;0;0;0;0
3218;L1;26;4;5;2;0
3219;CL;0;0;0;0;0
3219;GB1;0;0;0;0;0
3221;CL;0;0;0;0;0
3221;GB1;0;0;0;0;0
3227;GB1;0;0;0;0;0
3236;GB1;0;0;0;0;0
3237;CL;0;0;0;0;0
3237;GB1;0;0;0;0;0
3239;CL;1;0;0;0;0
3239;GB1;0;0;0;0;0
3240;CL;0;0;0;0;0
3240;GB1;0;0;0;0;0
3240;L1;21;1;0;1;0
3243;GB1;0;0;0;0;0
3261;CL;5;1;0;0;0
3261;GB1;17;0;0;1;0
3267;GB1;0;0;0;0;0
3267;L1;23;4;1;3;1
3274;CL;0;0;0;0;0
3274;GB1;0;0;0;0;0
3276;CL;8;3;1;2;0
3276;GB1;0;0;0;0;0
3280;GB1;0;0;0;0;0
3282;CL;0;0;0;0;0
3282;GB1;0;0;0;0;0
3283;CL;2;0;0;0;0
3283;GB1;0;0;0;0;0
3284;CL;11;1;0;1;0
3284;GB1;0;0;0;0;0
3288;GB1;0;0;0;0;0
3289;CL;0;0;0;0;0
3289;GB1;0;0;0;0;0
3298;GB1;0;0;0;0;0
3308;CL;0;0;0;0;0
3308;GB1;0;0;0;0;0
3312;GB1;0;0;0;0;0
3313;CL;1;0;0;0;0
3313;GB1;0;0;0;0;0
3315;GB1;0;0;0;0;0
3330;GB1;3;0;0;0;0
3335;CL;0;0;0;0;0
3335;GB1;9;0;0;0;0
3353;GB1;0;0;0;0;0
3357;GB1;0;0;0;0;0
3357;L1;0;0;0;0;0
3358;CL;6;0;0;0;0
3358;GB1;0;0;0;0;0
3362;GB1;0;0;0;0;0
3396;CL;0;0;0;0;0
3396;GB1;0;0;0;0;0
3411;CL;0;0;0;0;0
3415;CL;0;0;0;0;0
3418;CL;0;0;0;0;0
3421;CL;0;0;0;0;0
3443;CL;0;0;0;0;0
3458;CL;7;1;1;1;0
3458;GB1;0;0;0;0;0
3467;CL;6;0;1;3;0
3467;GB1;0;0;0;0;0
3473;GB1;0;0;0;0;0
3474;CL;0;0;0;0;0
3474;GB1;0;0;0;0;0
3474;L1;0;0;0;0;0
3475;CL;0;0;0;0;0
3475;GB1;0;0;0;0;0
3475;L1;0;0;0;0;0
3485;CL;0;0;0;0;0
3485;GB1;0;0;0;0;0
3495;CL;6;0;0;0;0
3500;CL;0;0;0;0;0
3504;CL;5;0;1;1;0
3504;GB1;0;0;0;0;0
3504;L1;21;1;1;6;0
3506;L1;0;0;0;0;0
3508;CL;0;0;0;0;0
3515;CL;0;0;0;0;0
3517;CL;5;0;0;0;0
3519;CL;0;0;0;0;0
3525;CL;0;0;0;0;0
3527;GB1;4;0;0;0;0
3530;L1;32;1;2;4;0
3535;CL;0;0;0;0;0
3535;GB1;0;0;0;0;0
3547;CL;0;0;0;0;0
3547;GB1;0;0;0;0;0
3548;CL;0;0;0;0;0
3548;GB1;0;0;0;0;0
3552;CL;0;0;0;0;0
3552;L1;0;0;0;0;0
3568;CL;2;0;0;0;0
3568;GB1;0;0;0;0;0
3571;CL;0;0;0;0;0
3571;GB1;0;0;0;0;0
3572;CL;0;0;0;0;0
3572;GB1;0;0;0;0;0
3573;CL;0;0;0;0;0
3583;GB1;0;0;0;0;0
3585;CL;12;5;0;1;0
3585;GB1;0;0;0;0;0
3590;GB1;0;0;0;0;0
3595;GB1;1;0;0;0;0
3601;CL;0;0;0;0;0
3601;GB1;0;0;0;0;0
3606;CL;0;0;0;0;0
3610;L1;2;0;0;0;0
3617;GB1;0;0;0;0;0
3619;GB1;4;0;0;1;0
3624;CL;0;0;0;0;0
3630;CL;6;0;0;0;0
3630;GB1;0;0;0;0;0
3633;CL;2;0;0;0;0
3633;GB1;0;0;0;0;0
3634;CL;15;3;3;1;0
3634;GB1;0;0;0;0;0
3648;CL;0;0;0;0;0
3648;GB1;0;0;0;0;0
3654;GB1;10;0;0;0;0
3663;CL;9;1;1;2;0
3663;GB1;0;0;0;0;0
3666;GB1;0;0;0;0;0
3683;CL;0;0;0;0;0
3683;L1;10;0;0;2;0
3685;GB1;0;0;0;0;0
3686;CL;1;0;0;0;0
3686;GB1;0;0;0;0;0
3691;CL;0;0;0;0;0
3691;GB1;1;0;0;0;0
3704;GB1;0;0;0;0;0
3715;CL;0;0;0;0;0
3715;GB1;0;0;0;0;0
3716;GB1;0;0;0;0;0
3719;GB1;0;0;0;0;0
3724;CL;3;0;0;1;0
3724;GB1;0;0;0;0;0
3727;CL;6;0;0;0;0
3727;GB1;0;0;0;0;0
3727;L1;22;1;2;5;0
3736;CL;10;0;0;0;0
3736;GB1;12;0;0;1;0
3738;GB1;0;0;0;0;0
3740;GB1;1;0;0;0;0
3742;CL;0;0;0;0;0
3742;GB1;0;0;0;0;0
3745;L1;0;0;0;0;0
3747;GB1;0;0;0;0;0
3762;GB1;0;0;0;0;0
3765;CL;15;2;1;2;0
3765;GB1;0;0;0;0;0
3767;CL;3;0;0;0;0
3767;GB1;0;0;0;0;0
3775;GB1;0;0;0;0;0
3784;GB1;0;0;0;0;0
3785;CL;0;0;0;0;0
3785;GB1;0;0;0;0;0
3787;GB1;0;0;0;0;0
3789;GB1;0;0;0;0;0
3798;GB1;0;0;0;0;0
3804;GB1;0;0;0;0;0
3809;CL;0;0;0;0;0
3809;GB1;0;0;0;0;0
3809;L1;0;0;0;0;0
3811;GB1;1;0;0;0;1
3814;CL;6;0;0;0;0
3814;GB1;0;0;0;0;0
3829;GB1;0;0;0;0;0
3836;CL;6;0;0;0;0
3836;L1;0;0;0;0;0
3842;GB1;0;0;0;0;0
3851;CL;0;0;0;0;0
3851;L1;0;0;0;0;0
3865;CL;0;0;0;0;0
3865;GB1;0;0;0;0;0
3866;GB1;0;0;0;0;0
3869;GB1;0;0;0;0;0
3873;GB1;0;0;0;0;0
3875;GB1;0;0;0;0;0
3877;CL;13;5;1;3;0
3877;GB1;0;0;0;0;0
3878;GB1;0;0;0;0;0
3887;CL;6;1;0;1;0
3887;GB1;0;0;0;0;0
3902;GB1;16;0;0;3;0
3905;CL;0;0;0;0;0
3907;CL;0;0;0;0;0
3920;CL;0;0;0;0;0
3920;GB1;2;0;0;1;0
3926;CL;6;1;1;0;0
3931;CL;0;0;0;0;0
3931;GB1;0;0;0;0;0
3935;GB1;0;0;0;0;0
3936;GB1;6;0;0;0;0
3940;GB1;0;0;0;0;0
3954;CL;0;0;0;0;0
3958;L1;0;0;0;0;0
3959;GB1;0;0;0;0;0
3979;CL;0;0;0;0;0
3990;CL;0;0;0;0;0
3990;GB1;0;0;0;0;0
3990;L1;0;0;0;0;0
3991;L1;0;0;0;0;0
4006;CL;13;4;0;2;0
4006;GB1;0;0;0;0;0
4008;L1;8;0;0;4;0
4011;CL;7;0;0;1;0
4011;GB1;0;0;0;0;0
4044;GB1;2;0;0;0;0
4046;GB1;0;0;0;0;0
4053;GB1;0;0;0;0;0
4054;GB1;0;0;0;0;0
4064;GB1;0;0;0;0;0
4066;GB1;0;0;0;0;0
4068;GB1;8;0;0;1;0
4071;CL;1;1;0;0;0
4071;GB1;0;0;0;0;0
4073;GB1;1;0;0;0;0
4075;GB1;0;0;0;0;0
4081;GB1;0;0;0;0;0
4087;GB1;0;0;0;0;0
4098;CL;0;0;0;0;0
4098;GB1;1;0;0;0;0
4106;GB1;0;0;0;0;0
4114;GB1;0;0;0;0;0
4116;GB1;0;0;0;0;0
4119;GB1;0;0;0;0;0
4127;GB1;0;0;0;0;0
4128;CL;2;0;0;0;0
4128;GB1;0;0;0;0;0
4135;GB1;0;0;0;0;0
4139;GB1;0;0;0;0;0
4149;CL;0;0;0;0;0
4149;GB1;2;0;0;0;0
4153;CL;0;0;0;0;0
4175;CL;2;0;0;0;0
4175;GB1;0;0;0;0;0
4205;GB1;0;0;0;0;0
4217;CL;3;0;1;0;0
4217;GB1;0;0;0;0;0
4227;CL;0;0;0;0;0
4227;GB1;0;0;0;0;0
4229;GB1;0;0;0;0;0
4230;GB1;0;0;0;0;0
4240;GB1;30;4;0;5;0
4246;L1;0;0;0;0;0
4251;GB1;0;0;0;0;0
4252;CL;0;0;0;0;0
4252;GB1;0;0;0;0;0
4256;GB1;0;0;0;0;0
4261;GB1;7;0;0;0;0
4265;GB1;0;0;0;0;0
4267;CL;0;0;0;0;0
4267;GB1;0;0;0;0;0
4291;CL;0;0;0;0;0
4291;GB1;0;0;0;0;0
4326;CL;0;0;0;0;0
4328;CL;0;0;0;0;0
4329;CL;0;0;0;0;0
4329;GB1;0;0;0;0;0
4338;CL;0;0;0;0;0
4338;GB1;20;0;0;2;0
4355;CL;0;0;0;0;0
4358;CL;0;0;0;0;0
4358;GB1;25;4;0;3;0
4371;CL;1;0;0;0;0
4376;CL;0;0;0;0;0
4376;GB1;0;0;0;0;0
4389;CL;0;0;0;0;0
4394;GB1;0;0;0;0;0
4395;CL;5;0;0;1;0
4397;CL;2;0;0;1;0
4413;CL;3;0;0;0;0
4441;CL;0;0;0;0;0
4442;CL;2;0;0;0;0
4444;CL;2;0;0;0;0
4472;CL;3;1;0;0;0
4500;CL;0;0;0;0;0
4555;L1;0;0;0;0;0
4580;CL;6;1;0;0;0
4582;CL;0;0;0;0;0
4625;CL;3;0;0;1;0
4644;CL;0;0;0;0;0
4672;CL;0;0;0;0;0
4672;L1;12;1;2;6;0
4673;CL;0;0;0;0;0
4674;CL;0;0;0;0;0
4687;CL;0;0;0;0;0
4687;L1;0;0;0;0;0
4710;L1;0;0;0;0;0
4715;L1;0;0;0;0;0
4720;L1;0;0;0;0;0
4726;L1;0;0;0;0;0
4729;L1;15;1;1;1;0
4735;L1;34;3;6;4;1
4756;GB1;0;0;0;0;0
4869;CL;6;0;0;0;0
4879;L1;0;0;0;0;0
4907;CL;0;0;0;0;0
4910;CL;4;0;0;0;0
4941;CL;4;0;0;0;0
4958;CL;4;0;0;0;0
5016;CL;0;0;0;0;0
5023;CL;0;0;0;0;0
5065;L1;0;0;0;0;0
5081;L1;7;0;1;1;0
5103;L1;0;0;0;0;0
5198;CL;0;0;0;0;0
5202;L1;15;0;0;2;0
5263;L1;28;3;1;2;0
5279;L1;0;0;0;0;0
5282;CL;0;0;0;0;0
5285;CL;0;0;0;0;0
5285;GB1;11;0;0;1;0
5286;CL;0;0;0;0;0
5289;CL;0;0;0;0;0
5295;CL;1;0;0;0;0
5299;CL;0;0;0;0;0
5311;CL;0;0;0;0;0
5322;CL;2;0;0;0;0
5329;GB1;1;0;0;0;0
5337;CL;0;0;0;0;0
5338;CL;0;0;0;0;0
5340;CL;0;0;0;0;0
5352;CL;0;0;0;0;0
5357;CL;0;0;0;0;0
5360;CL;0;0;0;0;0
5364;CL;11;0;0;1;0
5367;L1;16;0;2;4;0
5378;CL;1;0;0;0;0
5417;CL;3;0;0;0;0
5418;CL;6;0;0;1;0
5418;GB1;0;0;0;0;0
5428;CL;6;0;0;2;0
5428;GB1;0;0;0;0;0
5429;CL;6;0;1;0;0
5438;CL;0;0;0;0;0
5469;CL;0;0;0;0;0
5480;CL;0;0;0;0;0
5490;CL;4;1;0;0;0
5496;CL;1;0;0;0;0
5500;CL;0;0;0;0;0
5501;CL;4;0;0;0;0
5506;CL;0;0;0;0;0
5507;CL;0;0;0;0;0
5508;CL;10;0;0;1;0
5508;GB1;11;0;0;2;0
5513;CL;1;0;0;1;0
5521;CL;0;0;0;0;0
5531;GB1;0;0;0;0;0
5548;CL;0;0;0;0;0
5550;CL;0;0;0;0;0
5573;CL;11;4;1;2;0
5576;CL;0;0;0;0;0
5632;CL;0;0;0;0;0
5640;CL;0;0;0;0;0
5642;CL;6;1;0;2;0
5650;CL;3;0;0;0;0
5650;GB1;0;0;0;0;0
5651;CL;3;0;0;0;0
5654;CL;6;0;0;0;0
5658;CL;0;0;0;0;0
5658;GB1;0;0;0;0;0
5668;CL;0;0;0;0;0
5674;CL;0;0;0;0;0
5678;CL;3;0;0;0;0
5748;CL;0;0;0;0;0
5749;CL;0;0;0;0;0
5751;CL;0;0;0;0;0
5752;CL;0;0;0;0;0
5758;CL;0;0;0;0;0
5758;GB1;31;1;1;9;0
5759;CL;0;0;0;0;0
5774;CL;0;0;0;0;0
5778;CL;0;0;0;0;0
5778;GB1;27;1;0;6;0
5782;CL;0;0;0;0;0
5782;GB1;20;2;0;4;0
5786;CL;8;1;0;3;0
5796;CL;0;0;0;0;0
5798;CL;6;2;1;0;0
5798;GB1;3;1;0;1;0
5799;CL;0;0;0;0;0
5803;CL;0;0;0;0;0
5819;CL;0;0;0;0;0
5832;CL;0;0;0;0;0
5835;CL;0;0;0;0;0
5837;CL;4;0;0;2;0
5838;CL;0;0;0;0;0
5849;CL;0;0;0;0;0
5854;CL;0;0;0;0;0
5860;CL;4;0;0;1;0
5860;GB1;8;0;0;2;0
5864;CL;1;0;0;0;0
5875;GB1;21;1;0;1;0
5876;CL;0;0;0;0;0
5884;CL;5;0;0;1;0
5896;CL;6;1;1;2;0
5900;CL;6;1;0;1;0
5919;CL;6;0;1;0;0
5922;CL;0;0;0;0;0
5935;CL;0;0;0;0;0
5941;CL;0;0;0;0;0
5944;CL;0;0;0;0;0
5953;CL;0;0;0;0;0
5959;CL;0;0;0;0;0
5990;CL;0;0;0;0;0
6004;CL;1;0;0;0;0
6036;CL;0;0;0;0;0
6067;CL;11;0;0;3;0
6076;CL;6;0;1;1;0
6089;CL;7;1;0;3;0
6090;CL;0;0;0;0;0
6094;CL;0;0;0;0;0
6106;CL;0;0;0;0;0
6107;CL;4;0;0;0;0
6107;GB1;27;1;1;7;0
6133;L1;0;0;0;0;0
6134;CL;4;0;0;0;0
6141;CL;0;0;0;0;0
6156;CL;0;0;0;0;0
6156;GB1;30;0;0;2;0
6157;CL;2;0;0;0;0
6296;CL;7;0;0;1;1
6299;CL;6;0;1;0;0
6372;L1;0;0;0;0;0
6457;L1;20;0;2;2;0
6463;L1;0;0;0;0;0
6503;L1;0;0;0;0;0
6505;L1;0;0;0;0;0
6512;L1;0;0;0;0;0
6517;L1;1;0;0;0;0
6519;L1;0;0;0;0;0
6559;CL;0;0;0;0;0
6569;CL;0;0;0;0;0
6571;L1;0;0;0;0;0
6584;L1;7;0;0;1;0
6587;CL;0;0;0;0;0
6596;L1;1;0;0;0;0
6607;L1;0;0;0;0;0
6642;L1;1;0;0;0;0
6645;L1;0;0;0;0;0
6705;L1;0;0;0;0;0
6717;CL;2;0;0;0;0
6723;CL;5;0;0;1;0
6806;CL;1;0;0;0;0
6832;CL;3;0;0;0;0
6845;CL;0;0;0;0;0
6845;L1;0;0;0;0;0
6846;CL;3;0;0;1;0
6846;L1;5;0;0;0;0
6847;CL;0;0;0;0;0
6847;L1;0;0;0;0;0
6857;CL;0;0;0;0;0
6857;L1;1;0;1;0;0
6860;CL;2;0;0;0;0
6862;CL;6;0;0;0;0
6866;CL;0;0;0;0;0
6873;CL;2;0;0;0;0
6878;CL;4;0;0;0;0
6888;CL;6;2;0;1;0
6890;L1;0;0;0;0;0
6900;CL;0;0;0;0;0
6934;CL;0;0;0;0;0
6942;CL;0;0;0;0;0
6985;CL;0;0;0;0;0
7024;CL;4;0;0;2;0
7025;CL;0;0;0;0;0
7031;GB1;3;0;0;0;0
7132;CL;6;0;1;1;0
7142;CL;0;0;0;0;0
7164;CL;1;0;0;0;0
7236;CL;0;0;0;0;0
7266;CL;6;0;0;1;0
7266;GB1;5;0;0;0;0
7343;CL;0;0;0;0;0
7348;CL;3;1;0;0;0
7348;GB1;2;0;0;0;0
7349;CL;0;0;0;0;0
7364;CL;0;0;0;0;0
7364;L1;6;0;1;2;0
7381;CL;7;0;0;0;0
7381;L1;5;0;0;0;0
7445;CL;0;0;0;0;0
7446;CL;4;0;0;1;0
7449;CL;0;0;0;0;0
7449;GB1;0;0;0;0;0
7457;CL;2;0;0;0;0
7460;CL;7;0;1;0;0
7462;CL;8;0;0;0;0
7464;CL;6;0;0;1;0
7466;CL;0;0;0;0;0
7467;CL;7;0;0;1;0
7483;CL;0;0;0;0;0
7484;CL;10;0;0;0;0
7486;CL;0;0;0;0;0
7490;CL;0;0;0;0;0
7496;CL;0;0;0;0;0
7506;CL;0;0;0;0;0
7506;GB1;14;1;0;1;0
7510;CL;0;0;0;0;0
7518;CL;0;0;0;0;0
7519;CL;0;0;0;0;0
7519;L1;3;0;0;0;0
7539;CL;0;0;0;0;0
7540;CL;5;0;0;1;0
7555;CL;0;0;0;0;0
7569;CL;0;0;0;0;0
7572;CL;0;0;0;0;0
7575;CL;0;0;0;0;0
7579;CL;0;0;0;0;0
7581;CL;0;0;0;0;0
7593;CL;0;0;0;0;0
7600;CL;0;0;0;0;0
7602;CL;0;0;0;0;0
7606;CL;0;0;0;0;0
7606;GB1;22;2;1;4;0
7608;CL;0;0;0;0;0
7611;CL;0;0;0;0;0
7630;CL;6;2;0;0;0
7641;CL;5;1;0;1;0
7654;CL;0;0;0;0;0
7659;CL;2;0;0;0;0
7663;CL;6;0;1;1;0
7670;CL;1;0;0;0;0
7673;CL;4;0;0;2;0
7700;CL;0;0;0;0;0
7737;CL;0;0;0;0;0
7741;GB1;0;0;0;0;0
7768;GB1;8;0;0;0;0
7770;CL;0;0;0;0;0
7771;CL;0;0;0;0;0
7776;CL;0;0;0;0;0
7776;GB1;0;0;0;0;0
7783;CL;0;0;0;0;0
7784;CL;5;0;0;0;0
7812;CL;0;0;0;0;0
7821;CL;1;0;0;0;0
7824;CL;0;0;0;0;0
7825;CL;0;0;0;0;0
7825;GB1;33;0;0;0;1
7827;CL;11;2;0;3;0
7843;CL;4;1;0;0;0
7858;GB1;34;5;2;3;0
7864;CL;0;0;0;0;0
7868;CL;10;4;0;1;0
7891;CL;0;0;0;0;0
7897;CL;0;0;0;0;0
7908;L1;0;0;0;0;0
7912;CL;0;0;0;0;0
7915;CL;0;0;0;0;0
7920;CL;0;0;0;0;0
7920;GB1;0;0;0;0;0
7923;CL;0;0;0;0;0
7925;CL;0;0;0;0;0
7927;CL;14;2;0;3;0
8022;CL;0;0;0;0;0
8022;GB1;0;0;0;0;0
8022;L1;18;6;0;6;1
8050;CL;0;0;0;0;0
8050;GB1;8;0;0;2;0
8077;CL;3;0;0;0;0
8078;L1;0;0;0;0;0
8123;CL;0;0;0;0;0
8124;CL;0;0;0;0;0
8137;CL;2;0;0;0;0
8139;CL;6;1;0;0;0
8141;CL;0;0;0;0;0
8143;L1;26;4;2;5;0
8184;CL;0;0;0;0;0
8194;L1;0;0;0;0;0
8201;CL;0;0;0;0;0
8201;L1;0;0;0;0;0
8204;CL;4;0;0;1;0
8204;L1;0;0;0;0;0
8322;CL;5;0;1;1;0
8326;CL;2;0;0;0;0
8419;L1;1;0;0;0;0
8491;CL;0;0;0;0;0
8527;CL;0;0;0;0;0
8559;CL;5;5;1;1;0
8559;GB1;0;0;0;0;0
8596;L1;0;0;0;0;0
8628;L1;0;0;0;0;0
8631;CL;1;0;0;0;0
8689;CL;0;0;0;0;0
8689;L1;0;0;0;0;0
8690;CL;0;0;0;0;0
8690;L1;0;0;0;0;0
8702;CL;6;0;0;1;0
8885;CL;0;0;0;0;0
8988;L1;0;0;0;0;0
9171;GB1;0;0;0;0;0
9210;GB1;0;0;0;0;0
9211;CL;0;0;0;0;0
9214;GB1;0;0;0;0;0
9219;GB1;1;0;0;0;0
9345;L1;22;6;2;1;0
9351;L1;0;0;0;0;0
9415;L1;22;11;3;3;0
9422;CL;0;0;0;1;0
9476;L1;4;0;0;0;0
9486;CL;5;0;0;0;0
9488;CL;0;0;0;0;0
9494;CL;0;0;0;0;0
9497;CL;1;0;0;0;0
9497;GB1;0;0;0;0;0
9498;CL;0;0;0;0;0
9498;GB1;0;0;0;0;0
9499;CL;0;0;0;0;0
9499;GB1;5;0;0;0;0
9501;CL;0;0;0;0;0
9504;CL;0;0;0;0;0
9506;CL;1;0;0;0;0
9508;CL;0;0;0;0;0
9538;CL;10;8;3;1;0
9538;L1;0;0;0;0;0
9544;CL;0;0;0;0;0
9590;CL;0;0;0;0;0
9591;CL;0;0;0;0;0
9592;CL;0;0;0;0;0
9593;CL;0;0;0;0;0
9594;CL;0;0;0;0;0
9596;CL;0;0;0;0;0
9603;CL;0;0;0;0;0
9605;CL;0;0;0;0;0
9610;CL;0;0;0;0;0
9619;CL;3;0;0;1;0
9620;CL;0;0;0;0;0
9626;CL;1;0;0;0;0
9628;CL;0;0;0;0;0
9630;CL;0;0;0;0;0
9635;CL;0;0;0;0;0
9637;CL;0;0;0;0;0
9648;CL;0;0;0;0;0
9655;CL;0;0;0;0;0
9658;CL;0;0;0;0;0
9659;CL;5;0;0;1;0
9662;CL;3;0;0;0;0
9666;CL;0;0;0;0;0
9673;CL;0;0;0;0;0
9675;CL;0;0;0;0;0
9679;CL;0;0;0;0;0
9685;CL;0;0;0;0;0
9688;CL;0;0;0;0;0
9695;CL;0;0;0;0;0
9701;CL;1;0;0;0;0
9711;CL;0;0;0;0;0
9714;CL;0;0;0;0;0
9731;CL;1;0;0;0;0
9733;CL;0;0;0;0;0
9743;CL;0;0;0;0;0
9744;CL;0;0;0;0;0
9763;CL;1;0;0;0;0
9778;CL;0;0;0;0;0
9782;CL;0;0;0;0;0
9787;CL;0;0;0;0;0
9788;CL;0;0;0;0;0
9806;CL;3;0;0;1;0
9812;CL;0;0;0;0;0
9821;CL;0;0;0;0;0
9824;CL;0;0;0;0;0
9830;CL;0;0;0;0;0
9831;CL;0;0;0;0;0
9831;GB1;20;0;0;3;0
9839;CL;0;0;0;0;0
9855;CL;0;0;0;0;0
9857;CL;0;0;0;0;0
9871;CL;0;0;0;0;0
9875;CL;0;0;0;0;0
9875;GB1;0;0;0;0;0
9878;GB1;0;0;0;0;0
9975;GB1;0;0;0;0;0
10028;GB1;0;0;0;0;0
10034;GB1;0;0;0;0;0
10035;GB1;18;1;0;4;0
10037;GB1;0;0;0;0;0
10248;L1;9;2;0;1;0
10251;CL;0;0;0;0;0
10251;GB1;0;0;0;0;0
10298;CL;6;0;0;0;0
10378;GB1;0;0;0;0;0
10384;GB1;0;0;0;0;0
10400;CL;0;0;0;0;0
10400;GB1;0;0;0;0;0
10418;GB1;0;0;0;0;0
10503;L1;0;0;0;0;0
10504;L1;0;0;0;0;0
10523;L1;0;0;0;0;0
10534;L1;0;0;0;0;0
10566;L1;0;0;0;0;0
11233;L1;1;0;0;0;0
11317;L1;4;1;0;0;0
11327;L1;0;0;0;0;0
11349;CL;0;0;0;0;0
11349;L1;5;0;0;1;0
11375;GB1;0;0;0;0;0
11663;GB1;33;1;0;2;0
11670;GB1;0;0;0;0;0
11680;GB1;38;0;0;0;0
11686;GB1;3;0;0;0;0
11692;GB1;4;1;0;0;0
11729;GB1;0;0;0;0;0
11808;CL;0;0;0;0;0
12019;CL;0;0;0;0;0
12131;GB1;0;0;0;0;0
12132;CL;0;0;0;0;0
12133;CL;0;0;0;0;0
12147;CL;1;0;0;1;0
12368;CL;0;0;0;0;0
12373;CL;6;2;0;1;0
12373;GB1;17;1;0;4;0
12380;CL;0;0;0;0;0
12385;CL;0;0;0;0;0
12389;CL;1;0;0;0;0
12398;CL;6;0;0;1;0
12398;GB1;33;7;1;1;0
12401;GB1;23;2;0;1;0
12402;GB1;1;0;0;0;0
12516;CL;5;0;0;0;0
12518;CL;4;0;0;0;0
12567;CL;0;0;0;0;0
12572;GB1;1;0;0;0;0
12647;CL;0;0;0;0;0
12689;GB1;0;0;0;0;0
12690;GB1;0;0;0;0;0
12691;GB1;14;2;0;0;0
12698;CL;6;0;0;2;0
12707;GB1;0;0;0;0;0
12718;GB1;0;0;0;0;0
12723;CL;2;0;0;0;0
12723;GB1;4;0;0;0;0
12726;GB1;0;0;0;0;0
12730;GB1;7;0;0;0;0
12800;CL;3;1;0;0;0
12808;GB1;1;0;0;0;0
12812;CL;0;0;0;0;0
12822;GB1;0;0;0;0;0
12884;CL;0;0;0;0;0
12981;CL;0;0;0;0;0
12992;CL;0;0;0;0;0
13012;CL;0;0;0;0;0
13050;CL;2;0;0;1;0
13094;CL;5;0;0;0;0
13120;CL;2;0;0;0;0
13139;CL;0;0;0;0;0
13153;CL;0;0;0;0;0
13159;CL;10;0;0;2;0
13160;CL;5;0;0;0;0
13161;CL;10;0;0;2;0
13177;CL;0;0;0;0;0
13208;CL;9;1;0;0;0
13211;CL;9;0;0;1;0
13214;CL;0;0;0;0;0
13214;GB1;8;1;0;1;0
13235;CL;5;2;0;0;0
13236;GB1;2;0;0;0;0
13257;GB1;0;0;0;0;0
13260;GB1;0;0;0;0;0
13261;GB1;0;0;0;0;0
13262;CL;3;0;0;1;0
13291;CL;5;0;0;2;0
13331;CL;2;0;0;0;0
13331;GB1;0;0;0;0;0
13360;CL;2;0;0;1;0
13366;CL;0;0;0;0;0
13383;CL;4;0;0;0;0
13404;GB1;4;0;1;0;0
13409;GB1;0;0;0;1;0
13417;GB1;0;0;0;0;0
13420;GB1;0;0;0;0;0
13440;GB1;0;0;0;0;0
13476;GB1;0;0;0;0;0
13480;GB1;0;0;0;0;0
13507;GB1;37;0;0;3;0
13519;GB1;0;0;0;0;0
13525;GB1;0;0;0;0;0
13527;GB1;26;1;1;1;0
13529;CL;0;0;0;0;0
13529;GB1;0;0;0;0;0
13558;GB1;2;0;0;0;0
13595;GB1;0;0;0;0;0
13653;GB1;10;1;0;2;0
13675;GB1;14;1;0;1;0
13701;CL;2;0;0;0;0
13713;GB1;0;0;0;0;0
13733;GB1;0;0;0;0;0
13775;CL;8;2;6;0;0
13775;L1;0;0;0;0;0
13779;GB1;2;0;0;0;0
13781;GB1;0;0;0;0;0
13789;GB1;0;0;0;0;0
13792;GB1;0;0;0;0;0
13796;GB1;12;0;0;2;0
13806;CL;0;0;0;0;0
13806;GB1;0;0;0;0;0
13806;L1;0;0;0;0;0
13823;CL;5;0;0;0;0
13827;CL;2;0;0;0;0
13912;CL;1;0;0;1;0
13917;CL;0;0;0;0;0
13962;CL;0;0;0;0;0
13979;L1;0;0;0;0;0
13995;GB1;0;0;0;0;0
14014;GB1;31;1;1;4;0
14026;GB1;0;0;0;0;0
14033;GB1;23;3;1;3;0
14052;GB1;35;0;0;2;1
14056;GB1;13;1;0;4;0
14062;CL;6;0;0;0;0
14062;GB1;31;3;0;4;0
14063;GB1;0;0;0;0;0
14074;GB1;18;1;0;1;0
14121;CL;0;0;0;0;0
14132;CL;0;0;0;0;0
14269;CL;8;1;1;2;0
14329;CL;0;0;0;0;0
14538;CL;3;0;0;0;0
14560;GB1;0;0;0;0;0
14656;CL;0;0;0;0;0
14673;GB1;0;0;0;0;0
14829;GB1;1;0;0;0;0
14829;L1;0;0;0;0;0
14830;L1;13;0;0;0;0
14834;CL;0;0;0;0;0
14834;L1;0;0;0;0;0
14921;L1;25;4;4;2;0
14925;CL;5;2;0;0;0
14926;CL;0;0;0;0;0
14927;CL;0;0;0;0;0
14940;CL;3;0;0;0;0
14941;CL;0;0;0;0;0
14944;CL;0;0;0;0;0
14945;CL;0;0;0;0;0
14960;GB1;0;0;0;0;0
14970;CL;3;0;0;0;0
15048;CL;6;1;0;1;0
15059;CL;0;0;0;0;0
15084;CL;0;0;0;0;0
15094;CL;0;0;0;0;0
15098;CL;0;0;0;0;0
15104;CL;0;0;0;0;0
15109;CL;5;0;0;3;0
15113;CL;0;0;0;0;0
15209;CL;1;0;0;0;0
15209;GB1;16;4;0;0;1
15219;GB1;0;0;0;0;0
15237;CL;7;0;0;1;0
15276;CL;2;0;0;1;0
15295;L1;0;0;0;0;0
15296;L1;0;0;0;0;0
15298;CL;0;0;0;0;0
15313;L1;2;0;0;0;0
15317;CL;0;0;0;0;0
15373;CL;6;4;1;0;0
15450;L1;10;0;0;1;0
15453;CL;0;0;0;0;0
15474;CL;0;0;0;0;0
15500;CL;7;0;0;2;0
15511;CL;8;0;3;0;0
15550;CL;4;0;0;0;0
15561;GB1;0;0;0;0;0
15629;CL;3;1;0;0;0
15629;L1;0;0;0;0;0
15634;CL;0;0;0;0;0
15642;CL;0;0;0;0;0
15644;L1;0;0;0;0;0
15654;CL;0;0;0;0;0
15712;CL;0;0;0;0;0
15712;GB1;0;0;0;0;0
15715;CL;2;0;0;0;0
15722;CL;1;0;0;0;0
15730;CL;6;0;0;1;0
15760;CL;0;0;0;0;0
15783;CL;0;0;0;0;0
15798;CL;4;0;0;1;0
15821;CL;0;0;0;0;0
15838;GB1;4;0;0;0;0
15843;CL;1;0;0;0;0
15858;CL;4;0;0;1;0
15866;CL;3;0;0;0;0
15869;CL;0;0;0;0;0
15880;CL;6;0;0;0;0
15890;CL;1;0;0;1;0
15895;CL;1;0;0;0;0
15985;CL;5;0;0;1;0
16019;CL;6;0;0;0;0
16082;GB1;1;0;0;0;0
16084;GB1;0;0;0;0;0
16092;GB1;6;0;0;0;0
16133;L1;11;0;0;2;0
16135;CL;0;0;0;0;0
16143;L1;0;0;0;0;0
16158;CL;5;0;0;3;0
16167;CL;2;1;0;1;0
16167;GB1;11;2;0;0;0
16167;L1;19;4;1;0;0
16204;GB1;2;0;0;0;0
16446;GB1;0;0;0;0;0
16476;CL;0;0;0;0;0
16482;CL;4;0;0;0;0
16590;CL;0;0;0;0;0
16721;L1;0;0;0;0;0
16905;CL;0;0;0;0;0
17025;L1;0;0;0;0;0
17227;CL;0;0;0;0;0
17273;GB1;0;0;0;0;0
17277;L1;0;0;0;0;0
17278;CL;8;1;0;0;0
17278;L1;0;0;0;0;0
17284;L1;32;2;2;6;1
17299;L1;6;0;0;0;0
17301;CL;2;0;0;1;0
17301;L1;0;0;0;0;0
17352;CL;0;0;0;0;0
17398;CL;5;0;1;1;0
17409;CL;0;0;0;0;0
17713;L1;0;0;0;0;0
17939;L1;0;0;0;0;0
17947;L1;0;0;0;0;0
17991;L1;16;0;0;3;0
18290;L1;1;0;0;0;0
18293;L1;22;6;5;2;0
18324;GB1;0;0;0;0;0
18333;L1;1;0;1;0;0
18484;L1;0;0;0;0;0
18534;L1;5;0;0;0;1
18739;L1;0;0;0;0;0
18829;CL;6;1;2;1;0
18898;CL;6;0;0;0;0
18907;CL;1;0;0;0;0
18918;CL;0;0;0;0;0
19057;CL;7;0;0;0;0
19082;CL;4;0;0;1;0
19104;CL;1;0;0;0;0
19104;GB1;5;1;0;0;0
19112;L1;0;0;0;0;0
19335;L1;0;0;0;0;0
19340;L1;0;0;0;0;0
19350;CL;0;0;0;0;0
19390;GB1;0;0;0;0;0
19641;GB1;27;0;0;2;0
19726;GB1;11;0;0;3;0
19846;GB1;0;0;0;0;0
19903;CL;4;0;1;0;0
20151;CL;1;0;0;0;0
20264;L1;0;0;0;0;0
20378;CL;6;0;0;0;0
20417;L1;0;0;0;0;0
20584;CL;0;0;0;0;0
20778;L1;9;1;1;4;0
20828;CL;5;0;0;0;0
20950;GB1;2;0;0;0;0
21033;CL;0;0;0;0;0
21080;CL;5;0;0;0;0
21095;CL;5;0;0;0;0
21227;CL;6;0;0;0;0
21266;GB1;11;0;0;0;0
21333;CL;3;0;0;0;0
21334;CL;1;0;0;0;0
21354;CL;0;0;0;0;0
21359;CL;1;0;0;0;0
21364;CL;5;0;0;1;0
21654;GB1;0;0;0;0;0
21654;L1;0;0;0;0;0
21661;L1;0;0;0;0;0
21789;CL;0;0;0;0;0
21859;CL;1;0;0;0;0
21886;CL;7;0;0;1;0
21982;GB1;3;0;0;0;0
22057;CL;3;0;0;0;0
22099;CL;5;0;0;1;0
22225;CL;0;0;0;0;0
22225;GB1;17;1;0;3;0
22229;GB1;0;0;0;0;0
22455;CL;5;0;0;0;0
22455;L1;18;3;4;2;0
22493;CL;5;0;0;0;0
22726;GB1;0;0;0;0;0
22789;L1;0;0;0;0;0
23012;L1;8;0;0;1;0
23306;CL;0;0;0;0;0
23583;GB1;0;0;0;0;0
23623;CL;0;0;0;0;0
23720;CL;2;0;0;0;0
23721;CL;1;0;0;0;0
23738;L1;10;2;0;0;1
23914;CL;2;0;0;0;0
23914;GB1;3;0;0;0;0
23953;CL;2;0;0;0;0
23980;CL;4;0;0;0;0
24022;CL;0;0;0;0;0
24040;CL;1;0;0;0;0
24205;CL;0;0;0;0;0
24210;CL;5;0;0;0;0
24246;CL;6;0;0;0;0
24257;CL;6;1;0;0;0
24280;CL;0;0;0;0;0
24456;CL;6;1;1;1;0
24456;GB1;21;1;0;1;0
24473;CL;5;0;1;0;0
24474;CL;0;0;0;0;0
24474;L1;0;0;0;0;0
24475;CL;6;3;1;2;0
24475;GB1;6;0;0;1;0
24562;CL;0;0;0;0;0
24625;CL;1;0;0;0;0
24625;GB1;4;0;0;0;0
24658;CL;5;1;0;1;0
24703;CL;4;0;0;0;0
24721;CL;1;0;0;0;0
25006;CL;6;0;0;2;0
25011;CL;3;0;0;1;0
25204;GB1;7;1;0;0;0
25267;L1;0;0;0;0;0
25282;CL;4;1;0;2;0
25282;L1;30;2;1;3;1
25313;L1;0;0;0;0;0
25327;L1;9;0;2;1;0
25343;L1;0;0;0;0;0
25356;GB1;7;0;0;0;0
25449;L1;0;0;0;0;0
25902;CL;0;0;0;0;0
25997;L1;26;0;0;9;0
26053;L1;0;0;0;0;0
26056;L1;1;0;0;0;0
26282;CL;5;2;0;0;0
26383;CL;7;1;0;0;0
26490;CL;5;0;0;0;0
26562;CL;5;0;0;1;0
26724;GB1;7;0;0;1;0
26773;CL;5;1;0;0;0
26896;CL;1;0;0;0;0
26916;CL;0;0;0;0;0
26934;CL;0;0;0;0;0
27014;CL;0;0;0;0;0
27307;CL;2;0;0;0;0
27350;CL;6;0;0;1;0
27621;CL;0;0;0;0;0
27626;CL;1;0;0;0;0
27761;GB1;0;0;0;0;0
28186;CL;6;0;0;0;0
28293;CL;0;0;0;0;0
28490;L1;0;0;0;0;0
28743;L1;0;0;0;0;0
28780;L1;0;0;0;0;0
28797;GB1;0;0;0;0;0
28810;GB1;0;0;0;0;0
28813;GB1;0;0;0;0;0
28953;GB1;1;0;0;0;0
28954;L1;0;0;0;0;0
29006;CL;1;1;0;0;0
29149;GB1;0;0;0;0;0
29423;GB1;0;0;0;0;0
29434;CL;2;0;0;1;0
29465;CL;3;1;0;0;0
29545;CL;3;1;0;0;0
29556;CL;0;0;0;0;0
29712;GB1;1;0;0;0;0
29899;L1;1;0;0;0;0
29913;CL;4;0;1;0;0
30070;L1;0;0;0;0;0
30083;CL;9;0;0;1;0
30220;GB1;6;0;0;0;0
30306;CL;0;0;0;0;0
30363;CL;1;0;0;0;0
30431;L1;2;0;0;0;0
30537;L1;0;0;0;0;0
30667;CL;0;0;0;0;0
30799;GB1;0;0;0;0;0
30932;CL;5;0;0;0;0
30936;CL;0;0;0;0;0
30936;GB1;0;0;0;0;0
31110;CL;0;0;0;0;0
31273;CL;6;1;0;0;0
32164;L1;0;0;0;0;0
32199;L1;0;0;0;0;0
32617;GB1;13;0;0;2;0
32887;GB1;9;0;0;1;0
33001;CL;0;0;0;0;0
33305;L1;0;0;0;0;0
33312;L1;0;0;0;0;0
33487;GB1;0;0;0;0;0
33500;GB1;2;0;0;0;0
33531;CL;8;0;0;3;0
33639;CL;2;0;0;0;0
33670;CL;2;0;0;0;0
33833;L1;27;2;1;0;0
34015;CL;3;0;0;2;0
34107;L1;1;0;0;0;0
34150;CL;1;0;0;0;0
34175;L1;8;0;0;1;0
34339;CL;0;0;0;0;0
34417;CL;0;0;0;0;0
34418;CL;5;2;0;1;0
34418;L1;8;0;1;5;0
34422;CL;6;0;0;2;0
34432;CL;6;0;0;2;0
34434;CL;6;0;0;0;0
34500;CL;3;0;0;0;0
34611;GB1;1;0;0;0;0
34614;GB1;3;0;0;0;0
34620;GB1;0;0;0;0;0
34652;GB1;1;0;0;0;0
34759;GB1;8;0;0;0;0
34839;GB1;2;0;0;0;0
35032;CL;2;0;0;0;0
35216;GB1;1;0;0;1;0
35371;CL;4;2;1;0;0
35382;CL;6;0;0;0;0
35462;CL;0;0;0;0;0
35529;CL;0;0;0;0;0
35590;CL;1;0;0;1;0
35894;CL;0;0;0;0;0
35914;L1;0;0;0;0;0
36185;L1;1;0;0;0;0
36356;CL;1;0;0;0;0
36358;CL;1;0;0;0;0
36861;GB1;0;0;0;0;0
36914;L1;1;0;0;0;0
36996;GB1;0;0;0;0;0
37130;CL;0;0;0;0;0
37192;CL;5;0;0;2;0
37223;CL;1;0;0;0;0
37434;CL;6;0;0;0;0
37844;GB1;5;0;0;0;0
38089;GB1;2;0;0;0;0
38191;L1;0;0;0;0;0
38678;CL;0;0;0;0;0
38807;L1;3;0;0;1;0
39532;GB1;2;1;0;0;0
39670;L1;0;0;0;0;0
39671;L1;0;0;0;0;0
39926;GB1;1;0;0;0;0
40242;L1;0;0;0;0;0
40554;L1;0;0;0;0;0
40660;CL;0;0;0;0;0
41048;CL;0;0;0;0;0
41817;CL;0;0;0;0;0
42049;CL;0;0;0;0;0
43138;GB1;0;0;0;0;0
43184;GB1;2;0;0;0;0
44291;GB1;0;0;0;0;0
44487;GB1;0;0;0;0;0
46249;CL;3;0;0;0;0
48025;GB1;0;0;0;0;0
48959;GB1;1;0;0;0;0
49011;CL;1;0;0;0;0
49014;CL;1;0;0;0;0
49047;CL;0;0;0;0;0
49131;CL;0;0;0;0;0
49131;L1;0;0;0;0;0
50009;GB1;5;0;0;1;0
50087;CL;6;0;2;0;0
51404;CL;0;0;0;0;0
51413;CL;4;1;0;0;0
51682;CL;1;0;0;0;0
51776;CL;0;0;0;0;0
56139;CL;0;0;0;0;0
57431;CL;1;0;0;0;0
58223;CL;6;0;0;0;0
58404;CL;3;0;0;0;0
59269;CL;5;1;0;0;0
59956;CL;6;1;0;0;0
60150;L1;0;0;0;0;0
62619;CL;0;0;0;0;0
63134;CL;2;1;1;1;0
63322;L1;0;0;0;0;0
63706;CL;0;0;0;0;0
63963;CL;0;0;0;0;0
64285;CL;7;0;0;0;0
65919;L1;0;0;0;0;0
66886;GB1;0;0;0;0;0
67091;CL;0;0;0;0;0
67097;CL;5;1;0;1;0
67099;CL;1;0;0;0;0
67109;CL;0;0;0;0;0
67109;GB1;0;0;0;0;0
67117;CL;0;0;0;0;0
67119;CL;1;0;0;0;0
67378;GB1;0;0;0;0;0
67406;GB1;0;0;0;0;0
68204;CL;9;0;0;0;0
68204;GB1;4;0;0;0;0
68269;CL;1;0;0;0;0
69814;CL;1;0;0;0;0
69814;L1;15;4;0;4;0
71580;CL;0;0;0;0;0
71671;CL;0;0;0;0;0
72184;CL;0;0;0;0;0
72284;L1;0;0;0;0;0
72351;L1;0;0;0;0;0
72381;L1;19;0;0;3;0
72497;L1;0;0;0;0;0
72956;CL;1;0;0;0;0
77354;CL;0;0;0;0;0
77354;GB1;0;0;0;0;0
77405;L1;0;0;0;0;0
77451;L1;0;0;0;0;0
77516;L1;0;0;0;0;0
77580;GB1;0;0;0;0;0
78453;L1;0;0;0;0;0
78711;L1;0;0;0;0;0
78761;L1;0;0;0;0;0
78768;L1;0;0;0;0;0
79083;CL;1;0;0;0;0
79093;CL;5;1;0;1;0
79567;CL;2;2;1;0;0
79568;L1;0;0;0;0;0
79576;L1;0;0;0;0;0
80261;L1;34;1;0;6;0
81293;L1;0;0;0;0;0
81524;L1;0;0;0;0;0
81569;L1;0;0;0;0;0
81612;L1;0;0;0;0;0
81630;L1;0;0;0;0;0
81642;L1;0;0;0;0;0
81644;CL;0;0;0;0;0
81644;L1;0;0;0;0;0
81651;L1;0;0;0;0;0
81722;L1;0;0;0;0;0
81730;L1;0;0;0;0;0
81737;L1;0;0;0;0;0
81747;L1;0;0;0;0;0
82687;CL;0;0;0;0;0
82782;CL;2;0;0;0;0
83995;CL;6;0;0;1;0
83995;L1;0;0;0;0;0
84004;L1;0;0;0;0;0
84007;L1;0;0;0;0;0
84014;L1;10;1;0;7;0
84022;L1;0;0;0;0;0
84063;L1;0;0;0;0;0
84087;L1;0;0;0;0;0
84093;L1;0;0;0;0;0
84173;L1;0;0;0;0;0
84195;L1;0;0;0;0;0
84554;L1;0;0;0;0;0
84557;CL;0;0;0;0;0
84557;L1;0;0;0;0;0
84562;L1;0;0;0;0;0
84566;L1;0;0;0;0;0
84641;L1;0;0;0;0;0
84649;L1;0;0;0;0;0
84652;L1;28;0;0;1;0
84673;L1;0;0;0;0;0
84680;L1;0;0;0;0;0
84682;L1;0;0;0;0;0
84686;L1;0;0;0;0;0
84692;L1;0;0;0;0;0
84694;L1;0;0;0;0;0
84703;L1;19;2;0;5;0
84707;L1;0;0;0;0;0
84722;L1;0;0;0;0;0
84736;L1;0;0;0;0;0
85459;L1;0;0;0;0;0
85469;GB1;3;0;0;1;0
85556;L1;0;0;0;0;0
85586;L1;0;0;0;0;0
85590;L1;0;0;0;0;0
85925;CL;5;0;0;0;0
85925;L1;0;0;0;0;0
85977;L1;0;0;0;0;0
85980;L1;0;0;0;0;0
85986;L1;0;0;0;0;0
86044;L1;0;0;0;0;0
86094;CL;0;0;0;0;0
86292;CL;2;0;0;0;0
87474;L1;0;0;0;0;0
87860;L1;0;0;0;0;0
87865;L1;0;0;0;0;0
87888;L1;0;0;0;0;0
88150;L1;21;0;4;1;1
88717;CL;0;0;0;0;0
89545;CL;0;0;0;0;0
89555;L1;0;0;0;0;0
89833;L1;0;0;0;0;0
89856;L1;0;0;0;0;0
89859;L1;0;0;0;0;0
89891;L1;0;0;0;0;0
89899;L1;0;0;0;0;0
89906;L1;0;0;0;0;0
89937;L1;0;0;0;0;0
89946;L1;0;0;0;0;0
89965;L1;0;0;0;0;0
90149;CL;0;0;0;0;0
91282;L1;0;0;0;0;0
91302;L1;2;0;0;1;0
91304;L1;0;0;0;0;0
91652;CL;3;0;0;1;0
91655;CL;10;0;0;1;0
91901;CL;0;0;0;0;0
91920;GB1;0;0;0;0;0
91979;L1;10;2;0;0;0
91993;L1;0;0;0;0;0
92085;CL;0;0;0;0;0
92202;CL;2;0;0;0;0
92210;CL;0;0;0;0;0
92214;CL;0;0;0;0;0
92229;CL;0;0;0;0;0
92229;GB1;0;0;0;0;0
92233;CL;3;0;0;0;0
92236;CL;6;0;0;1;0
92240;CL;4;0;0;1;0
92265;CL;0;0;0;0;0
92271;CL;2;0;0;0;0
92272;CL;0;0;0;0;0
92278;CL;2;0;0;0;0
92282;CL;0;0;0;0;0
92359;CL;3;0;0;1;0
92625;L1;0;0;0;0;0
93002;CL;10;3;2;0;0
93977;L1;14;0;0;1;0
94042;L1;0;0;0;0;0
94051;L1;0;0;0;0;0
94056;L1;0;0;0;0;0
94064;L1;0;0;0;0;0
94067;L1;0;0;0;0;0
94071;L1;0;0;0;0;0
94075;L1;0;0;0;0;0
94083;L1;0;0;0;0;0
94085;L1;0;0;0;0;0
94091;L1;0;0;0;0;0
94092;L1;1;0;0;0;0
94108;L1;0;0;0;0;0
94114;L1;0;0;0;0;0
94163;L1;0;0;0;0;0
94896;CL;6;0;0;0;0
95030;L1;9;2;0;2;0
95037;L1;0;0;0;0;0
95040;L1;0;0;0;0;0
95044;L1;0;0;0;0;0
95048;L1;0;0;0;0;0
95049;L1;0;0;0;0;0
95068;L1;0;0;0;0;0
95072;L1;0;0;0;0;0
95073;L1;0;0;0;0;0
95095;L1;0;0;0;0;0
95103;L1;0;0;0;0;0
95124;L1;0;0;0;0;0
95157;L1;0;0;0;0;0
95161;L1;0;0;0;0;0
95269;L1;0;0;0;0;0
95316;L1;0;0;0;0;0
95333;L1;4;0;0;0;0
95390;L1;0;0;0;0;0
95400;L1;0;0;0;0;0
95410;L1;0;0;0;0;0
95411;L1;3;0;0;0;0
95441;L1;0;0;0;0;0
95444;L1;0;0;0;0;0
95456;L1;0;0;0;0;0
95457;L1;0;0;0;0;0
95496;L1;0;0;0;0;0
95515;L1;0;0;0;0;0
95527;L1;0;0;0;0;0
95534;L1;0;0;0;0;0
95553;L1;0;0;0;0;0
95825;L1;0;0;0;0;0
95826;L1;21;0;0;0;0
95838;L1;0;0;0;0;0
95842;L1;0;0;0;0;0
95846;L1;0;0;0;0;0
95882;L1;0;0;0;0;0
95886;L1;0;0;0;0;0
96022;L1;0;0;0;0;0
96027;L1;0;0;0;0;0
96038;L1;0;0;0;0;0
96064;L1;0;0;0;0;0
96084;L1;0;0;0;0;0
96198;L1;0;0;0;0;0
96202;L1;0;0;0;0;0
96211;L1;0;0;0;0;0
96214;L1;0;0;0;0;0
96220;L1;0;0;0;0;0
96263;L1;0;0;0;0;0
96560;L1;19;0;0;0;0
96561;L1;0;0;0;0;0
96592;L1;0;0;0;0;0
96598;L1;0;0;0;0;0
96604;L1;0;0;0;0;0
96622;L1;0;0;0;0;0
96625;L1;0;0;0;0;0
96627;L1;0;0;0;0;0
96639;CL;3;0;0;1;0
96639;L1;0;0;0;0;0
96641;L1;0;0;0;0;0
96657;L1;21;10;0;3;1
96975;L1;0;0;0;0;0
97027;L1;0;0;0;0;0
97033;L1;0;0;0;0;0
97053;L1;10;0;0;3;0
97060;L1;0;0;0;0;0
97070;L1;0;0;0;0;0
97080;L1;0;0;0;0;0
97105;CL;3;0;0;1;0
97105;L1;0;0;0;0;0
97123;L1;0;0;0;0;0
97160;L1;0;0;0;0;0
97177;L1;0;0;0;0;0
97187;L1;0;0;0;0;0
97201;L1;0;0;0;0;0
97253;L1;0;0;0;0;0
97255;L1;0;0;0;0;0
97261;L1;0;0;0;0;0
97262;L1;0;0;0;0;0
97269;L1;5;0;0;0;0
97288;L1;0;0;0;0;0
97306;L1;0;0;0;0;0
97307;L1;0;0;0;0;0
97311;L1;0;0;0;0;0
97316;L1;0;0;0;0;0
97388;L1;30;0;0;0;1
97418;L1;0;0;0;0;0
97420;L1;1;0;0;0;0
97442;L1;0;0;0;0;0
97447;L1;27;0;0;7;0
97453;L1;0;0;0;0;0
97467;L1;0;0;0;0;0
97468;L1;8;2;0;0;0
97479;L1;0;0;0;0;0
97481;L1;0;0;0;0;0
97599;L1;0;0;0;0;0
97602;L1;0;0;0;0;0
97606;L1;0;0;0;0;0
97634;L1;0;0;0;0;0
97636;L1;0;0;0;0;0
97659;L1;0;0;0;0;0
97676;L1;0;0;0;0;0
97685;L1;0;0;0;0;0
97725;L1;0;0;0;0;0
97760;L1;0;0;0;0;0
97898;L1;0;0;0;0;0
97900;L1;0;0;0;0;0
97902;L1;0;0;0;0;0
98230;L1;0;0;0;0;0
98237;L1;0;0;0;0;0
99015;L1;33;6;0;3;0
99025;L1;0;0;0;0;0
99651;L1;0;0;0;0;0
99655;L1;0;0;0;0;0
99665;L1;0;0;0;0;0
99711;L1;0;0;0;0;0
99716;L1;0;0;0;0;0
99723;L1;0;0;0;0;0
99725;L1;0;0;0;0;0
99729;L1;11;0;0;0;0
99769;CL;0;0;0;0;0
99932;L1;0;0;0;0;0
99964;CL;1;0;0;1;0
100096;CL;0;0;0;0;0
100096;L1;0;0;0;0;0
100490;L1;0;0;0;0;0
100492;L1;0;0;0;0;0
100493;L1;0;0;0;0;0
100533;L1;0;0;0;0;0
100609;L1;22;1;0;2;0
100662;L1;0;0;0;0;0
100712;CL;1;0;0;0;0
100718;L1;0;0;0;0;0
100819;L1;22;1;0;5;0
100842;L1;1;0;0;0;0
100861;L1;10;0;2;2;0
100917;L1;0;0;0;0;0
101040;CL;5;0;0;0;0
101051;CL;9;0;0;1;0
101052;CL;8;0;0;1;0
101091;GB1;0;0;0;0;0
101092;GB1;1;0;0;1;0
101092;L1;0;0;0;0;0
101101;CL;5;0;0;1;0
101101;GB1;0;0;0;0;0
101104;CL;0;0;0;0;0
101109;CL;9;2;2;3;0
101113;CL;9;0;1;1;0
101115;CL;5;0;0;0;0
101115;GB1;0;0;0;0;0
101123;CL;0;0;0;0;0
101123;GB1;2;0;0;0;0
101124;CL;0;0;0;0;0
101124;GB1;0;0;0;0;0
101134;CL;1;0;0;0;0
101134;GB1;0;0;0;0;0
101202;L1;1;0;0;0;0
101287;CL;2;0;0;0;0
101300;GB1;0;0;0;0;0
101323;GB1;0;0;0;0;0
101325;GB1;0;0;0;0;0
101384;CL;2;0;0;0;0
101390;CL;2;0;0;1;0
101390;GB1;0;0;0;0;0
101570;CL;0;0;0;0;0
101713;L1;0;0;0;0;0
101758;CL;4;0;0;0;0
102009;GB1;33;0;0;1;0
102014;GB1;0;0;0;0;0
102020;CL;4;2;0;0;0
102020;GB1;0;0;0;0;0
102022;CL;0;0;0;0;0
102025;CL;0;0;0;0;0
102150;CL;3;3;0;0;0
102150;GB1;0;0;0;0;0
102292;CL;0;0;0;0;0
102294;CL;8;0;0;0;1
102313;CL;0;0;0;0;0
102315;GB1;0;0;0;0;0
102473;GB1;0;0;0;0;0
102474;CL;0;0;0;0;0
102475;CL;6;0;0;0;0
102482;CL;4;0;0;1;0
102483;CL;0;0;0;0;0
102505;GB1;33;9;0;3;0
102506;GB1;0;0;0;0;0
102507;CL;0;0;0;0;0
102507;L1;2;0;0;0;0
102509;CL;2;0;0;0;0
102509;GB1;0;0;0;0;0
102509;L1;10;0;0;0;0
102595;CL;0;0;0;0;0
103214;CL;0;0;0;0;0
103224;CL;0;0;0;0;0
103560;CL;5;0;1;0;0
103641;GB1;0;0;0;0;0
103653;GB1;6;1;0;1;0
103728;CL;0;0;0;0;0
103736;CL;6;0;0;0;0
103757;CL;7;1;0;0;0
103808;CL;7;0;0;1;0
103812;CL;5;0;0;1;1
103812;GB1;0;0;0;0;0
104108;GB1;0;0;0;0;0
104112;GB1;18;4;0;1;0
104622;L1;1;0;0;0;0
104637;GB1;0;0;0;0;0
104736;CL;0;0;0;0;0
104736;L1;0;0;0;0;0
104852;CL;0;0;0;0;0
104897;CL;9;1;0;0;0
104897;GB1;0;0;0;0;0
105179;CL;6;0;0;1;0
106097;CL;2;0;0;0;0
106162;GB1;0;0;0;0;0
106220;CL;0;0;0;0;0
106366;GB1;2;0;0;0;0
106803;GB1;0;0;0;0;0
106810;GB1;0;0;0;0;0
106811;GB1;0;0;0;0;0
106854;CL;3;0;0;0;0
106893;CL;3;0;0;0;0
106893;GB1;0;0;0;0;0
106906;L1;5;0;0;1;1
106909;CL;1;0;0;0;0
106917;CL;0;0;0;0;0
106917;GB1;0;0;0;0;0
106935;CL;0;0;0;0;0
106952;GB1;0;0;0;0;0
106965;L1;0;0;0;0;0
107065;CL;7;0;0;2;0
107065;GB1;0;0;0;0;0
107087;CL;2;0;0;0;0
107087;GB1;0;0;0;0;0
107088;CL;1;0;1;0;0
107095;GB1;0;0;0;0;0
107097;GB1;0;0;0;0;0
107138;L1;2;0;0;0;0
107155;L1;0;0;0;0;0
107171;L1;0;0;0;0;0
107179;GB1;0;0;0;0;0
107196;GB1;0;0;0;0;0
107200;GB1;0;0;0;0;0
107229;CL;0;0;0;0;0
107229;GB1;0;0;0;0;0
107238;CL;8;0;0;0;0
107238;GB1;15;0;0;2;0
107356;L1;9;1;0;0;0
107448;L1;30;1;0;3;0
107455;L1;23;0;0;7;0
107465;L1;0;0;0;0;0
107635;L1;0;0;0;0;0
107652;CL;0;0;0;0;0
107666;L1;0;0;0;0;0
107693;CL;6;0;0;0;0
107693;L1;20;1;0;6;0
107804;GB1;0;0;0;0;0
107860;CL;7;0;0;2;0
107907;CL;3;0;0;1;0
108288;L1;28;0;0;0;0
108296;L1;0;0;0;0;0
108449;L1;0;0;0;0;0
108695;L1;0;0;0;0;0
108698;L1;0;0;0;0;0
108701;L1;0;0;0;0;0
108707;L1;0;0;0;0;0
108724;L1;0;0;0;0;0
108765;CL;10;1;0;1;0
108917;L1;4;1;0;0;0
108993;L1;13;0;0;1;0
109384;L1;0;0;0;0;0
109415;L1;0;0;0;0;0
109443;L1;0;0;0;0;0
109489;GB1;0;0;0;0;0
109492;GB1;0;0;0;0;0
109493;GB1;0;0;0;0;0
109494;GB1;0;0;0;0;0
109498;GB1;0;0;0;0;0
109502;GB1;0;0;0;0;0
109503;GB1;0;0;0;0;0
109505;GB1;0;0;0;0;0
109508;GB1;0;0;0;0;0
109637;L1;0;0;0;0;0
109710;L1;0;0;0;0;0
109713;L1;0;0;0;0;0
109756;L1;7;0;0;0;0
109758;L1;0;0;0;0;0
110257;L1;0;0;0;0;0
110385;L1;0;0;0;0;0
110710;L1;0;0;0;0;0
111089;L1;0;0;0;0;0
111103;CL;0;0;0;0;0
111103;L1;0;0;0;0;0
111622;L1;0;0;0;0;0
111626;L1;0;0;0;0;0
112153;L1;0;0;0;0;0
112159;L1;0;0;0;0;0
112227;L1;0;0;0;0;0
112234;L1;0;0;0;0;0
112271;L1;0;0;0;0;0
112282;L1;0;0;0;0;0
112485;L1;0;0;0;0;0
112821;GB1;23;5;0;0;0
113965;L1;0;0;0;0;0
114243;L1;1;0;0;0;0
115889;CL;1;0;0;0;0
116741;CL;0;0;0;0;0
116986;CL;6;0;0;0;0
117190;GB1;9;2;0;0;0
117233;GB1;0;0;0;0;0
117240;CL;0;0;0;0;0
117606;CL;0;0;0;0;0
117755;GB1;0;0;0;0;0
119392;L1;0;0;0;0;0
119611;L1;0;0;0;0;0
120313;CL;10;0;0;1;0
120314;CL;7;0;0;1;0
120335;CL;4;0;0;0;0
120510;L1;0;0;0;0;0
120721;CL;0;0;0;0;0
121158;L1;8;0;0;0;0
126020;L1;0;0;0;0;0
126428;L1;7;0;0;0;0
126890;CL;4;0;0;1;0
127716;L1;0;0;0;0;0
129912;CL;2;0;0;0;0
129945;CL;0;0;0;0;0
130306;GB1;1;0;0;0;0
131496;CL;2;1;0;1;0
132490;CL;2;0;0;0;0
133465;CL;0;0;0;0;0
133804;GB1;0;0;0;0;0
133902;CL;2;0;0;0;0
133919;CL;9;1;0;0;0
133938;CL;5;0;0;1;0
133980;CL;9;0;0;3;0
135537;CL;2;1;0;0;0
135911;GB1;0;0;0;0;0
136504;CL;3;0;0;0;0
136505;CL;5;0;0;3;0
138582;CL;0;0;0;0;0
138630;GB1;1;0;0;0;0
138694;L1;1;0;0;0;0
141703;CL;1;0;0;0;0
142521;CL;5;0;1;0;0
142759;CL;3;0;0;0;0
142931;CL;5;0;0;0;0
142939;CL;5;0;0;1;0
142983;CL;2;0;0;1;0
144476;CL;3;0;0;0;0
145634;CL;2;0;0;0;0
145634;GB1;6;0;0;0;0
148378;CL;0;0;0;0;0
148758;CL;3;0;0;0;0
148767;CL;1;0;0;0;0
149233;L1;31;6;0;8;1
149236;CL;2;0;0;0;0
149480;CL;0;0;0;0;0
149945;CL;0;0;0;0;0
150189;CL;1;0;0;0;0
150282;CL;5;0;0;0;0
150645;CL;3;0;0;0;0
150889;GB1;0;0;0;0;0
151412;CL;5;0;0;0;0
152275;CL;6;0;0;0;0
152299;CL;0;0;0;0;0
152300;CL;6;0;0;2;0
152324;CL;0;0;0;0;0
152762;CL;6;0;0;0;0
153337;CL;0;0;0;0;0
154592;CL;0;0;0;0;0
154617;CL;0;0;0;0;0
154986;CL;1;0;0;0;0
155749;CL;0;0;0;0;0
155753;GB1;6;0;0;2;0
156992;CL;9;1;0;1;0
157681;CL;0;0;0;0;0
160179;CL;3;0;0;1;0
160212;CL;0;0;0;0;0
160213;CL;0;0;0;0;0
160900;CL;6;0;0;0;0
160900;GB1;0;0;0;0;0
160926;CL;5;0;0;1;0
163589;GB1;4;0;0;0;0
165697;GB1;0;0;0;0;0
167278;CL;0;0;0;0;0
167584;CL;4;1;0;0;0
168569;GB1;0;0;0;0;0
168581;GB1;0;0;0;0;0
168585;GB1;0;0;0;0;0
169692;GB1;1;0;0;0;0
170380;GB1;0;0;0;0;0
170387;GB1;0;0;0;0;0
170389;GB1;0;0;0;0;0
170797;GB1;7;0;0;0;0
170801;CL;2;0;0;1;0
170802;CL;2;1;0;1;0
170876;CL;4;0;0;0;0
171813;CL;3;0;0;0;0
171813;GB1;9;0;0;1;0
172011;CL;4;0;0;0;0
172092;CL;0;0;0;0;0
172374;CL;1;0;0;0;0
172396;CL;3;0;0;0;0
172486;CL;6;0;0;1;0
172487;CL;0;0;0;0;0
172529;CL;1;0;0;0;0
172885;CL;5;0;0;1;0
173135;CL;3;0;0;0;0
173159;GB1;0;0;0;0;0
173305;CL;0;0;0;0;0
173498;CL;1;0;0;0;0
173498;GB1;0;0;0;0;0
173531;CL;6;0;0;0;0
173538;CL;4;0;0;0;0
173685;CL;11;0;0;0;0
173889;CL;8;2;0;0;0
173897;CL;1;0;0;0;0
173942;CL;7;0;0;1;0
174346;CL;2;1;0;0;0
174458;CL;5;0;1;0;0
175584;GB1;0;0;0;0;0
175599;GB1;0;0;0;0;0
175866;CL;5;0;0;0;0
175866;GB1;0;0;0;0;0
175869;GB1;0;0;0;0;0
175888;CL;1;0;0;0;0
175888;GB1;0;0;0;0;0
175889;CL;2;1;0;1;0
175889;GB1;0;0;0;0;0
175897;GB1;0;0;0;0;0
175938;CL;1;0;0;0;0
175943;CL;0;0;0;0;0
175971;CL;7;0;0;0;0
175999;GB1;0;0;0;0;0
176004;GB1;0;0;0;0;0
176015;CL;0;0;0;0;0
176016;CL;0;0;0;0;0
176018;CL;4;0;0;0;0
176018;GB1;0;0;0;0;0
176019;CL;0;0;0;0;0
176019;GB1;0;0;0;0;0
176022;GB1;12;0;0;2;0
176033;CL;7;0;0;0;0
176722;GB1;0;0;0;0;0
176806;GB1;0;0;0;0;0
176815;GB1;21;0;0;0;0
177056;GB1;0;0;0;0;0
177126;GB1;0;0;0;0;0
177253;GB1;0;0;0;0;0
177255;GB1;0;0;0;0;0
177266;GB1;0;0;0;0;0
177268;GB1;0;0;0;0;0
177673;CL;0;0;0;0;0
177703;CL;2;0;0;0;0
177712;CL;2;0;0;0;0
177754;CL;2;0;0;0;0
177760;CL;2;0;0;0;0
178675;CL;1;0;0;0;0
178683;CL;1;1;0;0;0
178690;CL;2;0;0;0;0
178738;CL;0;0;0;0;0
178741;CL;1;0;0;0;0
178743;CL;2;0;0;0;0
178769;CL;3;0;0;0;0
178780;CL;2;0;0;0;0
178822;CL;2;0;0;0;0
178824;CL;1;0;0;0;0
178826;CL;2;0;0;0;0
178829;CL;2;0;0;0;0
178831;CL;1;0;0;0;0
178920;CL;1;0;0;0;0
178923;CL;1;0;0;0;0
179094;CL;1;0;0;0;0
179104;CL;2;1;0;0;0
179161;CL;2;0;0;0;0
179167;CL;2;0;0;0;0
179176;CL;2;0;0;0;0
179195;CL;0;0;0;0;0
179306;CL;1;1;0;0;0
179854;CL;2;0;0;0;0
179884;CL;1;0;0;0;0
179943;CL;2;0;0;0;0
180284;CL;0;0;0;0;0
180295;CL;2;0;0;0;0
180301;CL;2;0;0;0;0
180685;CL;2;0;0;0;0
180740;CL;1;0;0;0;0
181056;GB1;2;0;0;0;0
181206;CL;2;0;0;0;0
181585;GB1;0;0;0;0;0
181939;CL;2;0;0;0;0
181950;CL;2;0;0;0;0
181955;CL;1;0;0;0;0
181964;CL;4;0;0;2;0
181974;CL;7;0;0;1;0
181978;CL;4;0;0;0;0
181988;CL;1;1;0;0;0
181989;CL;2;0;0;0;0
181991;CL;2;0;0;0;0
181992;CL;2;1;0;0;0
182009;CL;2;0;0;0;0
182011;CL;2;0;0;0;0
182020;CL;1;0;0;0;0
182023;CL;2;0;0;0;0
182702;CL;2;0;0;0;0
182807;CL;2;0;0;0;0
182809;CL;2;0;0;0;0
183289;CL;1;0;0;0;0
183468;CL;3;1;0;0;0
183550;CL;2;0;0;0;0
183552;CL;2;0;0;0;0
183561;CL;1;0;0;0;0
183576;CL;2;0;0;0;0
183579;CL;1;0;0;0;0
183584;CL;2;0;0;0;0
185897;GB1;8;0;0;0;0
193796;GB1;0;0;0;0;0
195000;GB1;0;0;0;0;0
195176;GB1;0;0;0;0;0
195179;GB1;0;0;0;0;0
195180;GB1;0;0;0;0;0
195510;GB1;0;0;0;0;0
195614;GB1;0;0;0;0;0
197252;GB1;0;0;0;0;0
202858;GB1;0;0;0;0;0
208977;GB1;3;0;0;0;0
209817;GB1;0;0;0;0;0
212163;CL;0;0;0;0;0
215645;GB1;15;3;0;2;0
222217;GB1;0;0;0;0;0
222219;GB1;0;0;0;0;0
222252;GB1;0;0;0;0;0
222261;GB1;0;0;0;0;0
222487;GB1;0;0;0;0;0
222490;GB1;0;0;0;0;0
222505;GB1;5;0;0;1;0
222506;GB1;20;2;0;1;0
222517;GB1;0;0;0;0;0
222518;GB1;0;0;0;0;0
222519;GB1;20;4;0;0;0
222546;GB1;0;0;0;0;0
222733;GB1;0;0;0;0;0
222734;CL;0;0;0;0;0
222734;GB1;2;0;0;0;0
222894;GB1;0;0;0;0;0
223222;GB1;0;0;0;0;0
223228;GB1;14;0;0;1;0
223281;GB1;8;0;0;2;0
223290;GB1;0;0;0;0;0
223291;GB1;0;0;0;0;0
223302;GB1;0;0;0;0;0
223422;GB1;0;0;0;0;0
223432;GB1;2;0;0;0;0
223558;GB1;11;0;0;1;0
223568;GB1;0;0;0;0;0
223571;GB1;1;0;0;0;0
223949;GB1;0;0;0;0;0
224365;GB1;0;0;0;0;0
224424;GB1;0;0;0;0;0
225076;GB1;0;0;0;0;0
225302;GB1;9;0;0;1;0
225312;GB1;7;0;0;0;0
226092;CL;0;0;0;0;0
226549;GB1;0;0;0;0;0
226563;GB1;0;0;0;0;0
226772;GB1;13;0;0;3;0
226782;GB1;0;0;0;0;0
226955;GB1;19;0;0;1;0
227031;GB1;0;0;0;0;0
227043;GB1;0;0;0;0;0
227614;GB1;1;0;0;0;0
227620;GB1;1;0;0;0;0
227857;GB1;1;1;0;0;0
227862;GB1;0;0;0;0;0
227865;GB1;0;0;0;0;0
227872;GB1;0;0;0;0;0
228023;GB1;29;8;0;2;1
228030;GB1;23;0;0;4;0
228043;GB1;0;0;0;0;0
228052;GB1;0;0;0;0;0
228464;GB1;0;0;0;0;0
228611;GB1;0;0;0;0;0
229022;GB1;3;0;0;0;0
229823;GB1;0;0;0;0;0
229831;GB1;0;0;0;0;0
230322;GB1;1;0;0;0;0
230344;GB1;5;0;0;0;0
235737;GB1;9;0;0;0;0
236388;GB1;1;0;0;0;0
237375;GB1;2;0;0;0;0
238087;GB1;3;0;0;0;0
245597;CL;0;0;0;0;0
251296;CL;0;0;0;0;0
251541;L1;0;0;0;0;0
324169;GB1;3;0;0;0;0
363339;CL;0;0;0;0;0
384164;CL;0;0;0;0;0
515069;CL;0;0;0;0;0
526892;CL;0;0;0;0;0
591026;GB1;0;0;0;0;0
742981;CL;6;0;0;0;0
742982;CL;2;0;0;0;0
